,index,팀명,범실_평균_다섯,디그_평균_다섯,리시브_평균_다섯,공격종합_평균_다섯,블로킹_평균_다섯,세트_평균_다섯,서브_평균_다섯
0,0,IBK기업은행,19.267549668874175,0.8300132450331126,0.3789536423841057,0.37313907284768194,0.12431788079470193,0.3471920529801325,0.04948344370860923
0,1,흥국생명,18.21052631578947,0.8357894736842097,0.39214473684210516,0.36635526315789485,0.12565789473684214,0.3394210526315792,0.04840789473684206
0,2,KGC인삼공사,18.5063829787234,0.8281560283687944,0.4017730496453901,0.36534751773049645,0.12327659574468089,0.33215602836879426,0.04426950354609926
0,3,현대건설,19.71862068965517,0.837448275862068,0.39794482758620703,0.3927310344827587,0.14015172413793106,0.35867586206896535,0.05056551724137925
0,4,GS칼텍스,18.908108108108095,0.8356081081081077,0.41941891891891875,0.4066621621621623,0.1364459459459459,0.37648648648648636,0.05309459459459454
0,5,한국도로공사,18.589403973509924,0.8458807947019862,0.4760794701986754,0.3758675496688745,0.13441059602649003,0.3486490066225163,0.04634437086092711
1,6,IBK기업은행,19.26754966887417,0.8300132450331126,0.3789536423841057,0.37313907284768194,0.12431788079470193,0.3471920529801325,0.04948344370860923
1,7,현대건설,19.71862068965517,0.8374482758620679,0.397944827586207,0.3927310344827587,0.14015172413793103,0.3586758620689654,0.050565517241379254
1,8,KGC인삼공사,18.506382978723405,0.8281560283687942,0.40177304964539007,0.36534751773049645,0.12327659574468089,0.3321560283687942,0.044269503546099265
1,9,흥국생명,18.210526315789465,0.8357894736842096,0.39214473684210516,0.36635526315789485,0.12565789473684214,0.3394210526315792,0.048407894736842066
2,10,IBK기업은행,19.26754966887417,0.8300132450331126,0.3789536423841058,0.3731390728476819,0.12431788079470193,0.3471920529801325,0.04948344370860922
1,11,한국도로공사,18.589403973509924,0.8458807947019862,0.47607947019867547,0.3758675496688745,0.13441059602649005,0.3486490066225163,0.04634437086092711
1,12,GS칼텍스,18.908108108108095,0.8356081081081077,0.41941891891891875,0.40666216216216233,0.1364459459459459,0.3764864864864864,0.05309459459459454
2,13,KGC인삼공사,18.5063829787234,0.8281560283687942,0.40177304964539007,0.36534751773049645,0.12327659574468089,0.3321560283687942,0.04426950354609926
2,14,현대건설,19.71862068965517,0.837448275862068,0.397944827586207,0.39273103448275876,0.14015172413793106,0.35867586206896535,0.05056551724137925
2,15,흥국생명,18.210526315789465,0.8357894736842097,0.3921447368421051,0.3663552631578949,0.12565789473684214,0.3394210526315792,0.04840789473684206
2,16,GS칼텍스,18.90810810810809,0.8356081081081077,0.4194189189189188,0.4066621621621623,0.1364459459459459,0.3764864864864864,0.05309459459459454
3,17,현대건설,19.718620689655168,0.837448275862068,0.3979448275862069,0.3927310344827587,0.14015172413793103,0.35867586206896535,0.05056551724137925
3,18,KGC인삼공사,18.5063829787234,0.8281560283687942,0.4017730496453901,0.3653475177304964,0.12327659574468086,0.33215602836879415,0.044269503546099265
2,19,한국도로공사,18.589403973509924,0.8458807947019861,0.47607947019867564,0.3758675496688745,0.13441059602649005,0.3486490066225163,0.04634437086092712
3,20,GS칼텍스,18.90810810810809,0.8356081081081077,0.4194189189189188,0.4066621621621623,0.1364459459459459,0.3764864864864864,0.053094594594594535
3,21,IBK기업은행,19.267549668874175,0.8300132450331124,0.3789536423841058,0.37313907284768194,0.12431788079470193,0.34719205298013256,0.04948344370860922
3,22,한국도로공사,18.589403973509924,0.8458807947019861,0.4760794701986755,0.3758675496688744,0.13441059602649005,0.3486490066225163,0.04634437086092711
3,23,흥국생명,18.210526315789465,0.8357894736842097,0.3921447368421051,0.36635526315789485,0.12565789473684214,0.3394210526315792,0.048407894736842066
4,24,GS칼텍스,18.908108108108095,0.8356081081081076,0.4194189189189188,0.4066621621621622,0.1364459459459459,0.3764864864864864,0.05309459459459453
4,25,흥국생명,18.210526315789465,0.8357894736842096,0.39214473684210505,0.36635526315789485,0.12565789473684214,0.3394210526315792,0.048407894736842066
4,26,한국도로공사,18.589403973509924,0.845880794701986,0.47607947019867547,0.37586754966887437,0.13441059602649008,0.3486490066225163,0.04634437086092712
4,27,현대건설,19.718620689655168,0.837448275862068,0.397944827586207,0.3927310344827587,0.14015172413793106,0.35867586206896535,0.05056551724137925
4,28,IBK기업은행,19.26754966887417,0.8300132450331125,0.3789536423841058,0.373139072847682,0.12431788079470195,0.3471920529801326,0.04948344370860922
4,29,KGC인삼공사,18.5063829787234,0.8281560283687942,0.40177304964539007,0.36534751773049645,0.12327659574468083,0.33215602836879415,0.044269503546099265
5,30,GS칼텍스,24.4,0.826,0.4539999999999999,0.402,0.12,0.378,0.066
5,31,현대건설,19.0,0.8640000000000001,0.458,0.41200000000000003,0.17200000000000001,0.374,0.05800000000000001
5,32,한국도로공사,20.8,0.866,0.47000000000000003,0.38,0.16399999999999998,0.346,0.06
5,33,흥국생명,23.0,0.844,0.422,0.33799999999999997,0.144,0.30599999999999994,0.044000000000000004
5,34,IBK기업은행,18.0,0.85,0.44400000000000006,0.374,0.122,0.34600000000000003,0.06
5,35,KGC인삼공사,18.4,0.842,0.43600000000000005,0.364,0.152,0.334,0.036000000000000004
6,36,GS칼텍스,23.0,0.8240000000000001,0.454,0.39799999999999996,0.13599999999999998,0.376,0.05600000000000001
6,37,흥국생명,22.0,0.836,0.41000000000000003,0.344,0.126,0.308,0.042
6,38,한국도로공사,19.6,0.8799999999999999,0.508,0.372,0.18000000000000002,0.34199999999999997,0.05
6,39,현대건설,17.2,0.8480000000000001,0.4720000000000001,0.41,0.164,0.372,0.057999999999999996
6,40,KGC인삼공사,18.6,0.8380000000000001,0.40199999999999997,0.35,0.16599999999999998,0.324,0.032
7,41,흥국생명,19.2,0.834,0.42400000000000004,0.34199999999999997,0.10200000000000001,0.308,0.046
7,42,GS칼텍스,22.2,0.8300000000000001,0.466,0.392,0.148,0.368,0.038
6,43,IBK기업은행,16.0,0.8639999999999999,0.45200000000000007,0.394,0.124,0.362,0.068
7,44,KGC인삼공사,16.2,0.836,0.406,0.362,0.17800000000000002,0.34,0.048
7,45,한국도로공사,18.4,0.868,0.516,0.384,0.16399999999999998,0.354,0.038000000000000006
7,46,현대건설,16.2,0.8240000000000001,0.48600000000000004,0.42800000000000005,0.194,0.39,0.068
8,47,흥국생명,20.2,0.8160000000000001,0.422,0.344,0.092,0.31799999999999995,0.05
8,48,GS칼텍스,21.8,0.826,0.45,0.41000000000000003,0.132,0.388,0.03
8,49,한국도로공사,17.4,0.866,0.518,0.372,0.162,0.348,0.044000000000000004
7,50,IBK기업은행,17.8,0.8480000000000001,0.426,0.406,0.132,0.378,0.064
8,51,현대건설,16.0,0.8220000000000001,0.502,0.418,0.188,0.38,0.055999999999999994
8,52,IBK기업은행,17.0,0.8400000000000001,0.404,0.382,0.12000000000000002,0.358,0.06399999999999999
9,53,흥국생명,18.4,0.808,0.466,0.35200000000000004,0.086,0.32599999999999996,0.052000000000000005
8,54,KGC인삼공사,17.2,0.852,0.366,0.34600000000000003,0.166,0.32,0.052000000000000005
9,55,현대건설,16.0,0.8220000000000001,0.4699999999999999,0.426,0.20400000000000001,0.392,0.052000000000000005
9,56,IBK기업은행,20.4,0.834,0.42000000000000004,0.35,0.11600000000000002,0.33399999999999996,0.07
9,57,한국도로공사,19.6,0.8520000000000001,0.518,0.39,0.172,0.368,0.04
9,58,GS칼텍스,21.4,0.82,0.45199999999999996,0.40199999999999997,0.13599999999999998,0.382,0.032
9,59,KGC인삼공사,15.4,0.866,0.364,0.358,0.154,0.32999999999999996,0.05800000000000001
10,60,IBK기업은행,20.6,0.8320000000000001,0.422,0.35600000000000004,0.126,0.332,0.06799999999999999
10,61,흥국생명,19.0,0.834,0.4760000000000001,0.34400000000000003,0.088,0.32599999999999996,0.05600000000000001
10,62,KGC인삼공사,13.8,0.86,0.372,0.344,0.12800000000000003,0.314,0.057999999999999996
10,63,한국도로공사,18.6,0.85,0.53,0.388,0.16599999999999998,0.37,0.038000000000000006
11,64,IBK기업은행,20.4,0.8320000000000001,0.42000000000000004,0.37,0.132,0.344,0.066
10,65,현대건설,15.2,0.826,0.44000000000000006,0.44000000000000006,0.20199999999999996,0.40599999999999997,0.054000000000000006
10,66,GS칼텍스,18.4,0.8459999999999999,0.45599999999999996,0.398,0.13,0.382,0.038
11,67,한국도로공사,18.2,0.8480000000000001,0.51,0.40800000000000003,0.178,0.38399999999999995,0.05
11,68,GS칼텍스,17.4,0.842,0.43199999999999994,0.404,0.10200000000000001,0.388,0.044000000000000004
11,69,현대건설,14.8,0.8220000000000001,0.42400000000000004,0.43199999999999994,0.20400000000000001,0.396,0.049999999999999996
11,70,KGC인삼공사,12.8,0.868,0.344,0.344,0.11600000000000002,0.306,0.06
11,71,흥국생명,17.8,0.8299999999999998,0.438,0.33399999999999996,0.092,0.316,0.055999999999999994
12,72,IBK기업은행,19.4,0.858,0.45,0.366,0.13,0.33799999999999997,0.066
12,73,한국도로공사,16.6,0.8640000000000001,0.526,0.41400000000000003,0.182,0.38999999999999996,0.05800000000000001
12,74,GS칼텍스,16.4,0.8560000000000001,0.43200000000000005,0.388,0.086,0.372,0.052000000000000005
12,75,KGC인삼공사,13.6,0.8720000000000001,0.344,0.328,0.11000000000000001,0.284,0.042
12,76,현대건설,14.0,0.844,0.40800000000000003,0.404,0.202,0.372,0.041999999999999996
12,77,흥국생명,17.8,0.8300000000000001,0.438,0.33399999999999996,0.12000000000000002,0.31799999999999995,0.048
13,78,GS칼텍스,14.6,0.8800000000000001,0.43,0.4,0.09,0.38,0.062
13,79,IBK기업은행,21.4,0.866,0.44400000000000006,0.36,0.144,0.32999999999999996,0.06
13,80,한국도로공사,16.4,0.868,0.526,0.434,0.172,0.41,0.054000000000000006
13,81,흥국생명,16.2,0.8580000000000002,0.446,0.346,0.118,0.32999999999999996,0.064
13,82,KGC인삼공사,11.4,0.8460000000000001,0.38199999999999995,0.312,0.10200000000000001,0.27199999999999996,0.038
13,83,현대건설,14.4,0.8380000000000001,0.39799999999999996,0.386,0.194,0.35800000000000004,0.046
14,84,한국도로공사,15.6,0.86,0.4959999999999999,0.422,0.164,0.392,0.05
14,85,현대건설,15.6,0.8400000000000001,0.382,0.366,0.17400000000000002,0.33799999999999997,0.052000000000000005
14,86,IBK기업은행,19.4,0.8720000000000001,0.454,0.384,0.15999999999999998,0.35,0.064
14,87,KGC인삼공사,14.0,0.8320000000000001,0.358,0.276,0.08,0.23399999999999999,0.032
14,88,GS칼텍스,14.0,0.868,0.398,0.40599999999999997,0.094,0.382,0.054000000000000006
14,89,흥국생명,18.6,0.8720000000000001,0.404,0.348,0.12000000000000002,0.33199999999999996,0.066
15,90,한국도로공사,15.8,0.86,0.51,0.41999999999999993,0.16199999999999998,0.386,0.06
15,91,현대건설,16.6,0.85,0.382,0.364,0.18000000000000002,0.33199999999999996,0.048
15,92,GS칼텍스,18.0,0.8620000000000001,0.404,0.396,0.078,0.36999999999999994,0.052000000000000005
15,93,KGC인삼공사,15.0,0.834,0.308,0.276,0.10200000000000001,0.23399999999999999,0.027999999999999997
16,94,한국도로공사,17.6,0.8560000000000001,0.522,0.396,0.14200000000000002,0.366,0.054000000000000006
15,95,흥국생명,18.6,0.8539999999999999,0.422,0.346,0.11400000000000002,0.328,0.07
15,96,IBK기업은행,20.0,0.8879999999999999,0.45999999999999996,0.392,0.146,0.362,0.06400000000000002
16,97,현대건설,16.8,0.86,0.366,0.396,0.188,0.36,0.05
16,98,GS칼텍스,20.0,0.8720000000000001,0.438,0.392,0.1,0.364,0.048
16,99,흥국생명,20.6,0.8720000000000001,0.47000000000000003,0.354,0.11400000000000002,0.34,0.06999999999999999
17,100,GS칼텍스,22.4,0.8559999999999999,0.45,0.404,0.11000000000000001,0.37400000000000005,0.044
16,101,IBK기업은행,19.8,0.8800000000000001,0.438,0.376,0.154,0.348,0.06
16,102,KGC인삼공사,16.6,0.8300000000000001,0.362,0.30200000000000005,0.11000000000000001,0.266,0.026000000000000002
17,103,현대건설,19.2,0.86,0.33399999999999996,0.388,0.16,0.35,0.05800000000000001
18,104,GS칼텍스,21.8,0.8300000000000001,0.45200000000000007,0.38000000000000006,0.094,0.35000000000000003,0.038
17,105,한국도로공사,20.4,0.8560000000000001,0.514,0.376,0.132,0.344,0.042
17,106,IBK기업은행,19.2,0.874,0.40599999999999997,0.39799999999999996,0.14799999999999996,0.368,0.06
17,107,KGC인삼공사,17.2,0.8280000000000001,0.352,0.322,0.10400000000000001,0.28600000000000003,0.028000000000000004
18,108,현대건설,20.0,0.8539999999999999,0.344,0.376,0.168,0.33999999999999997,0.05399999999999999
17,109,흥국생명,21.4,0.8780000000000001,0.47800000000000004,0.342,0.098,0.326,0.074
18,110,KGC인삼공사,17.4,0.8399999999999999,0.33599999999999997,0.336,0.11200000000000002,0.29600000000000004,0.03
18,111,한국도로공사,20.0,0.8379999999999999,0.522,0.37,0.148,0.336,0.038
18,112,IBK기업은행,18.0,0.8800000000000001,0.40599999999999997,0.422,0.15,0.396,0.06599999999999999
18,113,흥국생명,22.4,0.876,0.496,0.34400000000000003,0.10800000000000001,0.32,0.05600000000000001
19,114,GS칼텍스,25.4,0.8400000000000001,0.48,0.39,0.09,0.358,0.04
19,115,현대건설,19.2,0.852,0.382,0.374,0.16399999999999998,0.34,0.052000000000000005
19,116,IBK기업은행,17.0,0.866,0.39,0.42600000000000005,0.154,0.39999999999999997,0.064
19,117,한국도로공사,20.0,0.834,0.534,0.37799999999999995,0.13,0.34800000000000003,0.04
19,118,KGC인삼공사,17.4,0.8400000000000001,0.37,0.37,0.132,0.33399999999999996,0.033999999999999996
19,119,흥국생명,21.2,0.8720000000000001,0.488,0.33999999999999997,0.11400000000000002,0.316,0.064
20,120,한국도로공사,20.6,0.834,0.542,0.39199999999999996,0.126,0.364,0.044
20,121,현대건설,17.2,0.836,0.4039999999999999,0.398,0.162,0.364,0.066
20,122,IBK기업은행,16.6,0.842,0.366,0.418,0.14200000000000002,0.392,0.07
20,123,흥국생명,19.6,0.866,0.47400000000000003,0.33399999999999996,0.142,0.31,0.05
20,124,GS칼텍스,21.6,0.8140000000000001,0.45599999999999996,0.4,0.088,0.366,0.044
20,125,KGC인삼공사,19.6,0.8320000000000001,0.43600000000000005,0.392,0.12,0.35200000000000004,0.036
21,126,IBK기업은행,16.4,0.8299999999999998,0.402,0.44400000000000006,0.144,0.42800000000000005,0.062
21,127,한국도로공사,20.2,0.8400000000000001,0.524,0.4,0.13399999999999998,0.372,0.046
21,128,KGC인삼공사,20.2,0.826,0.458,0.384,0.098,0.342,0.044
21,129,현대건설,18.0,0.8320000000000001,0.418,0.376,0.146,0.35,0.074
22,130,KGC인삼공사,19.8,0.8140000000000001,0.45,0.378,0.12,0.33799999999999997,0.062
21,131,흥국생명,17.2,0.8460000000000001,0.466,0.324,0.12800000000000003,0.298,0.05800000000000001
21,132,GS칼텍스,19.2,0.798,0.458,0.40599999999999997,0.088,0.368,0.052000000000000005
22,133,한국도로공사,20.4,0.8460000000000001,0.49400000000000005,0.4,0.13000000000000003,0.372,0.05
22,134,IBK기업은행,18.4,0.82,0.41200000000000003,0.41400000000000003,0.13999999999999999,0.4,0.066
22,135,현대건설,16.6,0.8280000000000001,0.434,0.39,0.146,0.364,0.068
22,136,GS칼텍스,18.6,0.7940000000000002,0.442,0.40199999999999997,0.088,0.366,0.057999999999999996
22,137,흥국생명,17.6,0.8400000000000001,0.466,0.32,0.124,0.296,0.052000000000000005
23,138,KGC인삼공사,21.8,0.8240000000000001,0.454,0.386,0.13399999999999998,0.35200000000000004,0.06200000000000001
23,139,한국도로공사,21.0,0.8540000000000001,0.496,0.406,0.11600000000000002,0.378,0.052000000000000005
23,140,현대건설,15.4,0.8299999999999998,0.434,0.392,0.154,0.366,0.078
23,141,흥국생명,19.2,0.82,0.43200000000000005,0.314,0.12,0.294,0.06000000000000001
23,142,GS칼텍스,20.4,0.808,0.43,0.404,0.088,0.37,0.06
23,143,IBK기업은행,19.2,0.826,0.39,0.41600000000000004,0.13199999999999998,0.396,0.054000000000000006
24,144,한국도로공사,21.2,0.8699999999999999,0.524,0.41000000000000003,0.134,0.382,0.05800000000000001
24,145,흥국생명,19.2,0.8039999999999999,0.422,0.33399999999999996,0.10400000000000001,0.312,0.054000000000000006
24,146,IBK기업은행,20.4,0.8320000000000001,0.384,0.41,0.11200000000000002,0.39,0.05
24,147,KGC인삼공사,20.4,0.826,0.44800000000000006,0.368,0.134,0.334,0.054000000000000006
24,148,GS칼텍스,18.4,0.8119999999999999,0.406,0.392,0.094,0.362,0.068
24,149,현대건설,16.4,0.8320000000000001,0.42000000000000004,0.40800000000000003,0.158,0.382,0.07999999999999999
25,150,IBK기업은행,19.0,0.8560000000000001,0.388,0.42200000000000004,0.118,0.4,0.046
25,151,한국도로공사,22.0,0.876,0.496,0.4,0.13,0.36999999999999994,0.052000000000000005
25,152,KGC인삼공사,18.6,0.8320000000000001,0.442,0.334,0.14,0.308,0.055999999999999994
25,153,흥국생명,20.0,0.806,0.39,0.32599999999999996,0.1,0.29800000000000004,0.062
25,154,GS칼텍스,18.2,0.8320000000000001,0.426,0.38000000000000006,0.11599999999999999,0.35000000000000003,0.06200000000000001
25,155,현대건설,19.0,0.8560000000000001,0.41400000000000003,0.376,0.156,0.354,0.07200000000000001
26,156,IBK기업은행,19.8,0.8540000000000001,0.364,0.41200000000000003,0.11600000000000002,0.386,0.04800000000000001
26,157,흥국생명,22.0,0.8220000000000001,0.372,0.332,0.094,0.304,0.054000000000000006
26,158,KGC인삼공사,21.2,0.8400000000000001,0.398,0.33799999999999997,0.166,0.312,0.044
26,159,한국도로공사,20.8,0.852,0.488,0.39,0.10400000000000001,0.36,0.05
26,160,GS칼텍스,19.8,0.8379999999999999,0.42400000000000004,0.376,0.10800000000000001,0.352,0.05600000000000001
27,161,흥국생명,22.6,0.8140000000000001,0.378,0.34199999999999997,0.09999999999999999,0.31,0.05800000000000001
27,162,IBK기업은행,18.6,0.868,0.33999999999999997,0.41200000000000003,0.13,0.386,0.03799999999999999
26,163,현대건설,18.4,0.85,0.42000000000000004,0.37,0.16,0.348,0.06400000000000002
27,164,한국도로공사,19.2,0.858,0.5,0.404,0.092,0.37600000000000006,0.05800000000000001
27,165,현대건설,18.8,0.8540000000000001,0.454,0.348,0.148,0.328,0.068
27,166,GS칼텍스,18.4,0.8379999999999999,0.40599999999999997,0.392,0.13399999999999998,0.368,0.054000000000000006
27,167,KGC인삼공사,20.6,0.8400000000000001,0.42000000000000004,0.318,0.144,0.292,0.033999999999999996
28,168,한국도로공사,18.4,0.874,0.506,0.39399999999999996,0.096,0.372,0.072
28,169,흥국생명,21.4,0.826,0.39599999999999996,0.348,0.098,0.316,0.054000000000000006
28,170,KGC인삼공사,19.8,0.834,0.43,0.316,0.12,0.28600000000000003,0.034
28,171,현대건설,20.8,0.8559999999999999,0.43600000000000005,0.336,0.122,0.31,0.06
28,172,GS칼텍스,17.4,0.8220000000000001,0.41400000000000003,0.40199999999999997,0.154,0.378,0.05600000000000001
28,173,IBK기업은행,17.6,0.8639999999999999,0.374,0.41200000000000003,0.138,0.39,0.048
29,174,GS칼텍스,18.8,0.8320000000000001,0.44000000000000006,0.4,0.166,0.372,0.06000000000000001
29,175,한국도로공사,17.2,0.8699999999999999,0.508,0.38999999999999996,0.08,0.368,0.076
29,176,IBK기업은행,17.0,0.858,0.378,0.41200000000000003,0.138,0.38800000000000007,0.041999999999999996
29,177,KGC인삼공사,20.6,0.826,0.44399999999999995,0.324,0.11800000000000002,0.296,0.046000000000000006
29,178,현대건설,22.0,0.852,0.43999999999999995,0.324,0.12600000000000003,0.29800000000000004,0.052000000000000005
29,179,흥국생명,21.6,0.842,0.41200000000000003,0.33,0.10400000000000001,0.30200000000000005,0.048
30,180,IBK기업은행,16.6,0.852,0.396,0.40800000000000003,0.148,0.39,0.044000000000000004
30,181,현대건설,22.0,0.8379999999999999,0.422,0.32999999999999996,0.11200000000000002,0.3,0.05
31,182,IBK기업은행,17.0,0.858,0.402,0.4,0.136,0.376,0.044000000000000004
31,183,현대건설,21.8,0.834,0.394,0.314,0.11199999999999999,0.282,0.05800000000000001
32,184,IBK기업은행,17.6,0.858,0.404,0.39,0.134,0.366,0.052000000000000005
32,185,현대건설,23.0,0.834,0.36000000000000004,0.32,0.122,0.288,0.062
33,186,IBK기업은행,18.4,0.858,0.398,0.39,0.13,0.358,0.054000000000000006
30,187,한국도로공사,16.2,0.8480000000000001,0.49800000000000005,0.368,0.094,0.35000000000000003,0.07200000000000001
34,188,IBK기업은행,20.8,0.8619999999999999,0.422,0.388,0.12,0.356,0.057999999999999996
31,189,한국도로공사,18.0,0.868,0.496,0.38,0.1,0.362,0.072
35,190,IBK기업은행,22.0,0.8460000000000001,0.41600000000000004,0.38999999999999996,0.11600000000000002,0.354,0.052000000000000005
32,191,한국도로공사,17.2,0.8440000000000001,0.514,0.38,0.126,0.36000000000000004,0.06799999999999999
36,192,IBK기업은행,21.8,0.8379999999999999,0.404,0.378,0.10600000000000001,0.344,0.05
33,193,한국도로공사,16.4,0.826,0.492,0.39799999999999996,0.126,0.372,0.06000000000000001
30,194,GS칼텍스,19.8,0.826,0.40800000000000003,0.41200000000000003,0.168,0.38000000000000006,0.064
33,195,현대건설,21.2,0.8320000000000001,0.36000000000000004,0.324,0.13,0.298,0.062
30,196,KGC인삼공사,20.4,0.8219999999999998,0.422,0.338,0.10600000000000001,0.30800000000000005,0.041999999999999996
30,197,흥국생명,22.2,0.8539999999999999,0.44000000000000006,0.34,0.096,0.318,0.052000000000000005
37,198,IBK기업은행,21.2,0.828,0.42400000000000004,0.40800000000000003,0.092,0.374,0.04
34,199,현대건설,19.6,0.8219999999999998,0.346,0.32599999999999996,0.12,0.292,0.06000000000000001
31,200,GS칼텍스,19.6,0.834,0.386,0.42000000000000004,0.192,0.382,0.072
31,201,흥국생명,21.2,0.8560000000000001,0.4699999999999999,0.35200000000000004,0.12,0.33399999999999996,0.048
31,202,KGC인삼공사,17.2,0.808,0.4640000000000001,0.328,0.10800000000000001,0.29600000000000004,0.05
34,203,한국도로공사,18.0,0.8160000000000001,0.48600000000000004,0.392,0.124,0.37,0.054000000000000006
35,204,현대건설,18.0,0.82,0.322,0.33399999999999996,0.12,0.298,0.06000000000000001
32,205,흥국생명,19.4,0.8559999999999999,0.43200000000000005,0.35000000000000003,0.11399999999999999,0.334,0.05
32,206,GS칼텍스,19.2,0.842,0.418,0.42000000000000004,0.17800000000000002,0.374,0.07800000000000001
35,207,한국도로공사,19.8,0.8380000000000001,0.49399999999999994,0.4,0.11599999999999999,0.374,0.046
33,208,GS칼텍스,18.6,0.86,0.396,0.422,0.182,0.36800000000000005,0.086
32,209,KGC인삼공사,18.8,0.8139999999999998,0.46799999999999997,0.35,0.12200000000000003,0.31799999999999995,0.046
36,210,한국도로공사,19.0,0.8400000000000001,0.506,0.374,0.11599999999999999,0.35,0.06
36,211,현대건설,18.4,0.8480000000000001,0.33999999999999997,0.34,0.118,0.302,0.05800000000000001
38,212,IBK기업은행,19.6,0.826,0.41,0.42400000000000004,0.128,0.394,0.038
33,213,흥국생명,20.0,0.8560000000000001,0.45,0.34800000000000003,0.12,0.33,0.05
33,214,KGC인삼공사,17.6,0.8240000000000001,0.488,0.368,0.138,0.344,0.054000000000000006
37,215,현대건설,18.2,0.8539999999999999,0.346,0.34600000000000003,0.11399999999999999,0.308,0.05
34,216,GS칼텍스,16.0,0.844,0.388,0.422,0.162,0.372,0.068
39,217,IBK기업은행,18.4,0.82,0.41999999999999993,0.426,0.14,0.4,0.041999999999999996
37,218,한국도로공사,20.6,0.8539999999999999,0.47400000000000003,0.362,0.11200000000000002,0.336,0.057999999999999996
34,219,흥국생명,19.8,0.8440000000000001,0.454,0.338,0.13,0.32,0.054000000000000006
40,220,IBK기업은행,20.2,0.836,0.42200000000000004,0.40599999999999997,0.13799999999999998,0.382,0.046
34,221,KGC인삼공사,17.2,0.834,0.476,0.364,0.138,0.338,0.052000000000000005
35,222,GS칼텍스,16.6,0.852,0.41400000000000003,0.41200000000000003,0.13600000000000004,0.36400000000000005,0.06799999999999999
35,223,KGC인삼공사,16.6,0.8280000000000001,0.47400000000000003,0.41,0.148,0.384,0.054000000000000006
38,224,한국도로공사,23.0,0.8640000000000001,0.508,0.358,0.10400000000000001,0.328,0.05600000000000001
38,225,현대건설,21.2,0.868,0.356,0.36000000000000004,0.10600000000000001,0.318,0.05
39,226,한국도로공사,24.6,0.8799999999999999,0.516,0.35600000000000004,0.10600000000000001,0.32200000000000006,0.052000000000000005
39,227,현대건설,21.0,0.8700000000000001,0.374,0.364,0.11000000000000001,0.324,0.047999999999999994
36,228,GS칼텍스,14.6,0.8280000000000001,0.41800000000000004,0.43,0.13,0.382,0.06799999999999999
35,229,흥국생명,18.2,0.8300000000000001,0.45600000000000007,0.354,0.11400000000000002,0.33799999999999997,0.044
41,230,IBK기업은행,20.6,0.8299999999999998,0.422,0.418,0.126,0.392,0.041999999999999996
36,231,KGC인삼공사,17.8,0.844,0.446,0.41600000000000004,0.13799999999999998,0.39,0.048
40,232,현대건설,20.6,0.852,0.41,0.364,0.12799999999999997,0.32600000000000007,0.046
36,233,흥국생명,17.8,0.82,0.42800000000000005,0.362,0.10600000000000001,0.34199999999999997,0.052000000000000005
42,234,IBK기업은행,20.2,0.834,0.434,0.396,0.134,0.376,0.048
40,235,한국도로공사,22.0,0.858,0.53,0.378,0.11599999999999999,0.34199999999999997,0.066
37,236,KGC인삼공사,17.8,0.8300000000000001,0.44400000000000006,0.404,0.132,0.382,0.04
37,237,흥국생명,16.6,0.8180000000000002,0.4619999999999999,0.368,0.142,0.34800000000000003,0.044
37,238,GS칼텍스,16.2,0.828,0.39999999999999997,0.42400000000000004,0.12200000000000003,0.382,0.06
43,239,IBK기업은행,22.2,0.8220000000000001,0.44799999999999995,0.37999999999999995,0.10400000000000001,0.36199999999999993,0.044
41,240,한국도로공사,21.2,0.8440000000000001,0.54,0.4,0.10800000000000001,0.364,0.052000000000000005
38,241,흥국생명,15.8,0.8299999999999998,0.45,0.376,0.14,0.356,0.042
44,242,IBK기업은행,23.2,0.8320000000000001,0.44000000000000006,0.372,0.11000000000000001,0.35,0.046
41,243,현대건설,20.0,0.8280000000000001,0.422,0.37,0.134,0.33199999999999996,0.04
38,244,GS칼텍스,18.4,0.8099999999999999,0.41200000000000003,0.406,0.11400000000000002,0.37,0.048
38,245,KGC인삼공사,16.6,0.8080000000000002,0.434,0.384,0.11200000000000002,0.35400000000000004,0.028000000000000004
39,246,GS칼텍스,19.8,0.8140000000000001,0.41800000000000004,0.426,0.13999999999999999,0.386,0.05600000000000001
45,247,IBK기업은행,19.4,0.8299999999999998,0.45600000000000007,0.4,0.138,0.378,0.044
42,248,한국도로공사,19.8,0.8300000000000001,0.568,0.406,0.11399999999999999,0.372,0.052000000000000005
39,249,흥국생명,18.0,0.8480000000000001,0.43600000000000005,0.39,0.132,0.368,0.04
39,250,KGC인삼공사,16.2,0.79,0.43200000000000005,0.388,0.10600000000000001,0.36000000000000004,0.024
42,251,현대건설,17.0,0.792,0.438,0.384,0.148,0.34,0.036000000000000004
40,252,GS칼텍스,18.4,0.806,0.442,0.434,0.142,0.39399999999999996,0.062
40,253,흥국생명,18.6,0.852,0.46399999999999997,0.39,0.148,0.368,0.05
43,254,한국도로공사,19.0,0.8240000000000001,0.548,0.384,0.10600000000000001,0.356,0.04
43,255,현대건설,15.4,0.768,0.45,0.386,0.15199999999999997,0.34800000000000003,0.028000000000000004
41,256,GS칼텍스,19.4,0.818,0.446,0.382,0.134,0.35,0.05
46,257,IBK기업은행,19.2,0.842,0.476,0.39799999999999996,0.152,0.376,0.044
40,258,KGC인삼공사,16.2,0.7959999999999999,0.446,0.35799999999999993,0.10800000000000001,0.326,0.026000000000000002
44,259,현대건설,16.4,0.772,0.45,0.364,0.156,0.33199999999999996,0.024
47,260,IBK기업은행,16.8,0.85,0.46399999999999997,0.41,0.156,0.382,0.038
41,261,흥국생명,17.6,0.868,0.476,0.376,0.16799999999999998,0.356,0.048
41,262,KGC인삼공사,14.8,0.8119999999999999,0.462,0.33199999999999996,0.11399999999999999,0.302,0.026000000000000002
44,263,한국도로공사,16.2,0.8220000000000001,0.5519999999999999,0.392,0.10800000000000001,0.364,0.046
48,264,IBK기업은행,16.0,0.8620000000000001,0.488,0.398,0.154,0.37200000000000005,0.036
42,265,KGC인삼공사,16.2,0.818,0.46799999999999997,0.31399999999999995,0.11200000000000002,0.27799999999999997,0.028000000000000004
45,266,한국도로공사,17.0,0.8539999999999999,0.5539999999999999,0.39,0.094,0.368,0.030000000000000006
42,267,흥국생명,19.8,0.874,0.47000000000000003,0.37,0.13599999999999998,0.348,0.05800000000000001
45,268,현대건설,16.6,0.8019999999999999,0.45,0.354,0.15,0.32599999999999996,0.019999999999999997
43,269,흥국생명,20.2,0.866,0.508,0.366,0.13,0.346,0.05600000000000001
42,270,GS칼텍스,18.0,0.8200000000000001,0.438,0.358,0.14,0.32799999999999996,0.05
43,271,KGC인삼공사,18.2,0.8400000000000001,0.45599999999999996,0.284,0.10800000000000001,0.25199999999999995,0.026000000000000002
43,272,GS칼텍스,15.6,0.8219999999999998,0.454,0.372,0.14200000000000002,0.34199999999999997,0.046
49,273,IBK기업은행,14.0,0.8720000000000001,0.5119999999999999,0.386,0.13999999999999999,0.36200000000000004,0.03200000000000001
46,274,한국도로공사,17.4,0.868,0.572,0.378,0.1,0.354,0.028000000000000004
46,275,현대건설,19.6,0.818,0.45,0.36400000000000005,0.13799999999999998,0.334,0.026000000000000002
50,276,IBK기업은행,15.4,0.8719999999999999,0.48,0.356,0.10999999999999999,0.334,0.044
47,277,현대건설,21.6,0.858,0.45999999999999996,0.358,0.13,0.33,0.028000000000000004
44,278,GS칼텍스,14.6,0.828,0.454,0.35,0.13999999999999999,0.322,0.046
47,279,한국도로공사,17.8,0.8819999999999999,0.564,0.38,0.10400000000000001,0.36,0.032
44,280,KGC인삼공사,20.2,0.8560000000000001,0.4800000000000001,0.28200000000000003,0.12000000000000002,0.248,0.026000000000000002
44,281,흥국생명,16.2,0.8640000000000001,0.506,0.368,0.12799999999999997,0.348,0.05
51,282,IBK기업은행,14.6,0.86,0.49799999999999994,0.358,0.12,0.33399999999999996,0.05600000000000001
48,283,한국도로공사,16.0,0.8880000000000001,0.55,0.402,0.11599999999999999,0.376,0.036
45,284,GS칼텍스,16.2,0.818,0.41200000000000003,0.334,0.156,0.304,0.046000000000000006
48,285,현대건설,21.6,0.8699999999999999,0.462,0.366,0.15,0.336,0.032
45,286,KGC인삼공사,21.6,0.852,0.484,0.26399999999999996,0.10600000000000001,0.23200000000000004,0.022
49,287,한국도로공사,15.4,0.884,0.51,0.388,0.10999999999999999,0.36,0.03
49,288,현대건설,21.8,0.8600000000000001,0.434,0.364,0.15,0.32999999999999996,0.036
45,289,흥국생명,14.6,0.876,0.4600000000000001,0.37999999999999995,0.124,0.352,0.054000000000000006
52,290,IBK기업은행,15.0,0.8540000000000001,0.492,0.368,0.13399999999999998,0.342,0.068
46,291,KGC인삼공사,22.4,0.836,0.49000000000000005,0.27,0.08600000000000001,0.24,0.042
46,292,GS칼텍스,17.0,0.844,0.41200000000000003,0.356,0.166,0.324,0.048
50,293,한국도로공사,15.6,0.8779999999999999,0.488,0.38399999999999995,0.11399999999999999,0.356,0.038
50,294,현대건설,22.4,0.8539999999999999,0.42800000000000005,0.362,0.13199999999999998,0.328,0.033999999999999996
46,295,흥국생명,13.6,0.8639999999999999,0.4600000000000001,0.388,0.098,0.356,0.06
47,296,KGC인삼공사,20.4,0.834,0.512,0.292,0.08,0.268,0.044
51,297,현대건설,20.0,0.8540000000000001,0.426,0.37,0.134,0.332,0.030000000000000006
53,298,IBK기업은행,13.8,0.8379999999999999,0.48200000000000004,0.374,0.148,0.34400000000000003,0.068
47,299,흥국생명,13.4,0.85,0.45999999999999996,0.386,0.09,0.354,0.048
47,300,GS칼텍스,15.0,0.85,0.44000000000000006,0.384,0.162,0.356,0.046
48,301,KGC인삼공사,19.8,0.8320000000000001,0.53,0.31599999999999995,0.078,0.29000000000000004,0.05
51,302,한국도로공사,15.0,0.874,0.45999999999999996,0.386,0.118,0.36,0.036
48,303,흥국생명,13.2,0.8619999999999999,0.418,0.398,0.094,0.36000000000000004,0.06
48,304,GS칼텍스,16.2,0.858,0.44000000000000006,0.384,0.162,0.362,0.046
52,305,한국도로공사,16.6,0.8640000000000001,0.4640000000000001,0.388,0.126,0.36,0.032
54,306,IBK기업은행,13.0,0.818,0.45200000000000007,0.376,0.152,0.344,0.06799999999999999
52,307,현대건설,19.6,0.8520000000000001,0.418,0.37,0.13,0.33199999999999996,0.030000000000000006
49,308,GS칼텍스,17.0,0.8480000000000001,0.442,0.384,0.146,0.364,0.044
55,309,IBK기업은행,13.2,0.808,0.462,0.382,0.17,0.34800000000000003,0.06
49,310,KGC인삼공사,17.2,0.8260000000000002,0.48199999999999993,0.31799999999999995,0.06799999999999999,0.29200000000000004,0.048
49,311,흥국생명,15.4,0.8560000000000001,0.43600000000000005,0.394,0.1,0.354,0.06
50,312,KGC인삼공사,15.8,0.812,0.4720000000000001,0.33199999999999996,0.066,0.30200000000000005,0.05800000000000001
50,313,흥국생명,14.0,0.8459999999999999,0.45600000000000007,0.4,0.10200000000000001,0.362,0.048
50,314,GS칼텍스,16.2,0.8540000000000001,0.45,0.392,0.13999999999999999,0.376,0.034
56,315,IBK기업은행,14.2,0.8240000000000001,0.45199999999999996,0.362,0.176,0.33,0.052000000000000005
53,316,현대건설,19.0,0.8640000000000001,0.41200000000000003,0.378,0.10800000000000001,0.336,0.036
51,317,흥국생명,17.4,0.844,0.4600000000000001,0.396,0.11000000000000001,0.36,0.05
57,318,IBK기업은행,14.4,0.8300000000000001,0.45199999999999996,0.334,0.15799999999999997,0.30800000000000005,0.046000000000000006
51,319,KGC인삼공사,15.6,0.8119999999999999,0.4800000000000001,0.348,0.096,0.316,0.042
53,320,한국도로공사,18.0,0.8699999999999999,0.484,0.376,0.134,0.354,0.038
54,321,현대건설,17.8,0.882,0.47000000000000003,0.378,0.098,0.338,0.048
51,322,GS칼텍스,17.8,0.8400000000000001,0.442,0.38,0.10800000000000001,0.36,0.034
54,323,한국도로공사,19.0,0.866,0.504,0.38799999999999996,0.12999999999999998,0.368,0.036000000000000004
52,324,KGC인삼공사,15.8,0.8100000000000002,0.446,0.338,0.10400000000000001,0.306,0.044000000000000004
55,325,현대건설,18.6,0.876,0.49800000000000005,0.39,0.11399999999999999,0.35,0.05800000000000001
58,326,IBK기업은행,14.4,0.8560000000000001,0.45,0.336,0.15,0.31800000000000006,0.044000000000000004
52,327,흥국생명,16.4,0.8619999999999999,0.45599999999999996,0.40199999999999997,0.13999999999999999,0.366,0.052000000000000005
52,328,GS칼텍스,18.8,0.8320000000000001,0.404,0.354,0.10400000000000001,0.32799999999999996,0.034
56,329,현대건설,16.6,0.8879999999999999,0.5,0.41400000000000003,0.10400000000000001,0.378,0.06
55,330,한국도로공사,17.6,0.858,0.496,0.384,0.14200000000000002,0.36,0.030000000000000006
53,331,흥국생명,17.2,0.836,0.47400000000000003,0.392,0.142,0.366,0.034
53,332,GS칼텍스,18.6,0.8140000000000001,0.386,0.354,0.11000000000000001,0.32199999999999995,0.04
53,333,KGC인삼공사,14.6,0.784,0.426,0.34400000000000003,0.118,0.314,0.046000000000000006
59,334,IBK기업은행,17.0,0.85,0.4619999999999999,0.34400000000000003,0.142,0.326,0.038
56,335,한국도로공사,18.0,0.8719999999999999,0.522,0.388,0.154,0.364,0.028000000000000004
54,336,GS칼텍스,17.2,0.8160000000000001,0.41000000000000003,0.362,0.12000000000000002,0.32999999999999996,0.036
54,337,KGC인삼공사,17.8,0.79,0.466,0.344,0.12,0.316,0.05
57,338,한국도로공사,16.8,0.89,0.472,0.38599999999999995,0.134,0.362,0.036
54,339,흥국생명,16.8,0.836,0.504,0.378,0.13999999999999999,0.346,0.033999999999999996
60,340,IBK기업은행,17.0,0.858,0.45199999999999996,0.33999999999999997,0.12199999999999997,0.32,0.033999999999999996
57,341,현대건설,16.6,0.876,0.514,0.42400000000000004,0.124,0.392,0.064
55,342,GS칼텍스,17.4,0.8140000000000001,0.426,0.35000000000000003,0.126,0.322,0.046
61,343,IBK기업은행,17.0,0.8399999999999999,0.434,0.362,0.11600000000000002,0.34199999999999997,0.038
58,344,한국도로공사,16.2,0.876,0.49000000000000005,0.388,0.134,0.366,0.036
58,345,현대건설,17.2,0.8559999999999999,0.5,0.422,0.128,0.38999999999999996,0.066
56,346,GS칼텍스,18.4,0.82,0.434,0.35600000000000004,0.134,0.33399999999999996,0.044
62,347,IBK기업은행,19.0,0.8380000000000001,0.458,0.364,0.122,0.34,0.038
55,348,KGC인삼공사,18.4,0.812,0.476,0.33599999999999997,0.13599999999999998,0.314,0.039999999999999994
59,349,현대건설,18.0,0.8459999999999999,0.48200000000000004,0.42000000000000004,0.13,0.39,0.052000000000000005
57,350,GS칼텍스,19.2,0.82,0.45200000000000007,0.382,0.128,0.364,0.052000000000000005
55,351,흥국생명,17.4,0.8239999999999998,0.502,0.368,0.148,0.33999999999999997,0.036
56,352,KGC인삼공사,17.6,0.8220000000000001,0.45,0.33599999999999997,0.122,0.316,0.04
60,353,현대건설,16.4,0.85,0.46799999999999997,0.418,0.128,0.382,0.05600000000000001
63,354,IBK기업은행,19.6,0.8240000000000001,0.434,0.35,0.12,0.322,0.041999999999999996
57,355,KGC인삼공사,18.2,0.8240000000000001,0.47000000000000003,0.354,0.11400000000000002,0.32999999999999996,0.034
59,356,한국도로공사,16.4,0.8939999999999999,0.4800000000000001,0.38199999999999995,0.13799999999999998,0.35800000000000004,0.036000000000000004
56,357,흥국생명,14.2,0.834,0.484,0.37,0.152,0.34199999999999997,0.019999999999999997
58,358,GS칼텍스,19.6,0.8300000000000001,0.45199999999999996,0.36999999999999994,0.11599999999999999,0.356,0.054000000000000006
61,359,현대건설,17.8,0.8219999999999998,0.484,0.392,0.148,0.362,0.05800000000000001
58,360,KGC인삼공사,20.4,0.85,0.518,0.348,0.10400000000000001,0.32599999999999996,0.032
57,361,흥국생명,14.2,0.8360000000000001,0.48200000000000004,0.374,0.134,0.346,0.013999999999999999
59,362,GS칼텍스,19.0,0.8480000000000001,0.41999999999999993,0.398,0.10800000000000001,0.382,0.057999999999999996
60,363,한국도로공사,17.0,0.8860000000000001,0.5119999999999999,0.37,0.136,0.348,0.04
64,364,IBK기업은행,20.0,0.8319999999999999,0.44000000000000006,0.34400000000000003,0.13,0.32,0.046
59,365,KGC인삼공사,17.2,0.8440000000000001,0.49800000000000005,0.336,0.1,0.316,0.03
61,366,한국도로공사,17.6,0.8640000000000001,0.526,0.378,0.13999999999999999,0.354,0.048
58,367,흥국생명,12.4,0.844,0.458,0.37999999999999995,0.156,0.35,0.024
62,368,현대건설,17.4,0.8039999999999999,0.462,0.372,0.124,0.34199999999999997,0.05399999999999999
59,369,흥국생명,13.6,0.8480000000000001,0.442,0.39,0.158,0.37,0.026000000000000002
65,370,IBK기업은행,18.8,0.8160000000000001,0.47000000000000003,0.36000000000000004,0.138,0.33799999999999997,0.046
62,371,한국도로공사,18.6,0.8540000000000001,0.5840000000000001,0.374,0.154,0.34600000000000003,0.034
60,372,GS칼텍스,19.6,0.8480000000000001,0.40800000000000003,0.41000000000000003,0.11000000000000001,0.392,0.042
63,373,한국도로공사,19.6,0.8560000000000001,0.528,0.376,0.144,0.34199999999999997,0.038
61,374,GS칼텍스,18.2,0.8379999999999999,0.418,0.414,0.10600000000000001,0.39399999999999996,0.038000000000000006
64,375,한국도로공사,19.8,0.8380000000000001,0.538,0.382,0.148,0.354,0.042
62,376,GS칼텍스,20.0,0.852,0.40199999999999997,0.404,0.118,0.378,0.04
65,377,한국도로공사,20.4,0.8400000000000001,0.5399999999999999,0.374,0.152,0.346,0.038
66,378,한국도로공사,20.4,0.858,0.52,0.37,0.138,0.344,0.032
60,379,흥국생명,13.8,0.866,0.45600000000000007,0.374,0.16799999999999998,0.356,0.019999999999999997
67,380,한국도로공사,21.0,0.868,0.54,0.35800000000000004,0.126,0.33599999999999997,0.038
61,381,흥국생명,15.0,0.8619999999999999,0.462,0.358,0.15799999999999997,0.34199999999999997,0.03
68,382,한국도로공사,18.2,0.8700000000000001,0.59,0.358,0.138,0.34,0.038
62,383,흥국생명,16.0,0.8540000000000001,0.462,0.35000000000000003,0.14999999999999997,0.33599999999999997,0.04
69,384,한국도로공사,18.6,0.866,0.602,0.36,0.13199999999999998,0.34199999999999997,0.034
63,385,흥국생명,17.0,0.8559999999999999,0.47400000000000003,0.34199999999999997,0.12999999999999998,0.324,0.036000000000000004
70,386,한국도로공사,18.2,0.866,0.596,0.38,0.12000000000000002,0.36199999999999993,0.04
64,387,흥국생명,16.0,0.8539999999999999,0.466,0.35200000000000004,0.13,0.336,0.033999999999999996
66,388,IBK기업은행,19.4,0.8299999999999998,0.472,0.364,0.11800000000000002,0.34199999999999997,0.06000000000000001
60,389,KGC인삼공사,15.8,0.8440000000000001,0.45999999999999996,0.354,0.11400000000000002,0.332,0.032
63,390,GS칼텍스,22.4,0.8639999999999999,0.41000000000000003,0.4,0.118,0.374,0.034
65,391,흥국생명,17.8,0.858,0.43200000000000005,0.362,0.10400000000000001,0.346,0.04
61,392,KGC인삼공사,18.2,0.828,0.45999999999999996,0.376,0.10200000000000001,0.352,0.03
63,393,현대건설,19.8,0.818,0.5,0.35,0.13599999999999998,0.31600000000000006,0.05
67,394,IBK기업은행,19.0,0.8039999999999999,0.466,0.38,0.128,0.362,0.066
71,395,한국도로공사,19.0,0.8480000000000001,0.58,0.366,0.11600000000000002,0.348,0.046000000000000006
64,396,현대건설,19.6,0.8160000000000001,0.488,0.374,0.14600000000000002,0.336,0.057999999999999996
66,397,흥국생명,19.2,0.8640000000000001,0.41,0.36,0.10800000000000001,0.34199999999999997,0.030000000000000006
64,398,GS칼텍스,24.2,0.86,0.414,0.36,0.11599999999999999,0.336,0.044
72,399,한국도로공사,17.2,0.834,0.55,0.39,0.11399999999999999,0.368,0.048
62,400,KGC인삼공사,19.8,0.836,0.44400000000000006,0.364,0.10600000000000001,0.34199999999999997,0.034
67,401,흥국생명,17.4,0.868,0.372,0.384,0.128,0.364,0.03
65,402,GS칼텍스,23.6,0.866,0.4,0.374,0.122,0.346,0.05
68,403,IBK기업은행,20.8,0.7959999999999999,0.46399999999999997,0.38599999999999995,0.128,0.368,0.064
73,404,한국도로공사,19.8,0.8119999999999999,0.5120000000000001,0.38,0.10600000000000001,0.35800000000000004,0.04
65,405,현대건설,20.8,0.8039999999999999,0.454,0.366,0.142,0.33,0.044
66,406,GS칼텍스,22.0,0.874,0.37200000000000005,0.404,0.144,0.368,0.06999999999999999
63,407,KGC인삼공사,19.4,0.828,0.384,0.366,0.11200000000000002,0.33999999999999997,0.032
69,408,IBK기업은행,17.6,0.794,0.442,0.384,0.134,0.358,0.066
66,409,현대건설,20.0,0.8219999999999998,0.41200000000000003,0.366,0.126,0.328,0.048
64,410,KGC인삼공사,21.0,0.8220000000000001,0.39,0.382,0.12000000000000002,0.354,0.036
74,411,한국도로공사,19.6,0.8099999999999999,0.47800000000000004,0.348,0.12,0.322,0.052000000000000005
67,412,GS칼텍스,19.8,0.866,0.378,0.42400000000000004,0.14,0.384,0.066
67,413,현대건설,20.4,0.844,0.386,0.39,0.146,0.34400000000000003,0.05800000000000001
70,414,IBK기업은행,20.0,0.8059999999999998,0.39599999999999996,0.384,0.126,0.354,0.06999999999999999
68,415,흥국생명,20.8,0.8699999999999999,0.38,0.378,0.118,0.362,0.033999999999999996
75,416,한국도로공사,21.2,0.806,0.4699999999999999,0.338,0.126,0.312,0.054000000000000006
68,417,현대건설,20.0,0.8400000000000001,0.332,0.39799999999999996,0.12400000000000003,0.358,0.07
71,418,IBK기업은행,21.2,0.8099999999999999,0.396,0.34199999999999997,0.142,0.31399999999999995,0.046000000000000006
69,419,흥국생명,22.0,0.874,0.378,0.372,0.13,0.352,0.042
65,420,KGC인삼공사,23.8,0.8220000000000001,0.394,0.372,0.1,0.34600000000000003,0.042
76,421,한국도로공사,19.8,0.8160000000000001,0.44799999999999995,0.332,0.13,0.308,0.05199999999999999
69,422,현대건설,20.8,0.858,0.306,0.388,0.122,0.35000000000000003,0.06799999999999999
70,423,흥국생명,20.6,0.8700000000000001,0.386,0.39,0.156,0.364,0.042
68,424,GS칼텍스,17.0,0.86,0.362,0.434,0.16,0.392,0.086
72,425,IBK기업은행,20.2,0.8059999999999998,0.348,0.328,0.128,0.29400000000000004,0.036000000000000004
66,426,KGC인삼공사,21.4,0.8220000000000001,0.41200000000000003,0.368,0.11000000000000001,0.33799999999999997,0.046
70,427,현대건설,22.0,0.8640000000000001,0.362,0.4,0.132,0.36800000000000005,0.07799999999999999
69,428,GS칼텍스,17.0,0.85,0.35600000000000004,0.438,0.172,0.396,0.08
71,429,흥국생명,19.8,0.8480000000000001,0.42400000000000004,0.398,0.166,0.376,0.048
73,430,IBK기업은행,21.4,0.8099999999999999,0.32599999999999996,0.32999999999999996,0.13399999999999998,0.296,0.042
71,431,현대건설,24.0,0.8539999999999999,0.38399999999999995,0.394,0.14800000000000002,0.362,0.07
70,432,GS칼텍스,18.0,0.8300000000000001,0.34800000000000003,0.43600000000000005,0.17,0.392,0.078
77,433,한국도로공사,21.0,0.8200000000000001,0.43599999999999994,0.31000000000000005,0.124,0.28600000000000003,0.05
67,434,KGC인삼공사,19.2,0.8119999999999999,0.378,0.368,0.11400000000000002,0.33599999999999997,0.048
72,435,흥국생명,23.2,0.8320000000000001,0.43599999999999994,0.39,0.15,0.36800000000000005,0.046
74,436,IBK기업은행,23.6,0.818,0.31,0.344,0.128,0.316,0.042
78,437,한국도로공사,20.0,0.836,0.44399999999999995,0.29400000000000004,0.144,0.27,0.06400000000000002
71,438,GS칼텍스,18.6,0.82,0.34600000000000003,0.418,0.166,0.378,0.07200000000000001
68,439,KGC인삼공사,19.0,0.806,0.378,0.372,0.10600000000000001,0.34,0.06
79,440,한국도로공사,20.2,0.844,0.45,0.31800000000000006,0.156,0.29400000000000004,0.05800000000000001
73,441,흥국생명,19.6,0.8320000000000001,0.41,0.40800000000000003,0.152,0.378,0.054000000000000006
75,442,IBK기업은행,25.0,0.8219999999999998,0.316,0.32799999999999996,0.12200000000000003,0.29800000000000004,0.054000000000000006
69,443,KGC인삼공사,20.0,0.8099999999999999,0.342,0.362,0.126,0.324,0.05399999999999999
72,444,GS칼텍스,22.4,0.8160000000000001,0.326,0.39799999999999996,0.164,0.364,0.06999999999999999
72,445,현대건설,26.2,0.8480000000000001,0.388,0.378,0.132,0.346,0.06
70,446,KGC인삼공사,19.6,0.808,0.35200000000000004,0.362,0.132,0.32,0.05
74,447,흥국생명,19.0,0.8299999999999998,0.37,0.40800000000000003,0.13999999999999999,0.382,0.057999999999999996
80,448,한국도로공사,19.6,0.844,0.442,0.324,0.148,0.298,0.06799999999999999
73,449,현대건설,25.6,0.85,0.41999999999999993,0.36600000000000005,0.146,0.33799999999999997,0.04800000000000001
76,450,IBK기업은행,26.2,0.82,0.31400000000000006,0.35,0.124,0.324,0.06
71,451,KGC인삼공사,21.0,0.8100000000000002,0.33799999999999997,0.352,0.132,0.31799999999999995,0.046
73,452,GS칼텍스,24.0,0.8119999999999999,0.33399999999999996,0.4,0.152,0.366,0.052000000000000005
81,453,한국도로공사,20.6,0.8380000000000001,0.44799999999999995,0.35,0.124,0.31399999999999995,0.06200000000000001
74,454,현대건설,24.6,0.8320000000000001,0.43600000000000005,0.378,0.14200000000000002,0.35,0.05
75,455,흥국생명,22.0,0.82,0.37,0.378,0.118,0.358,0.06799999999999999
77,456,IBK기업은행,27.2,0.836,0.3340000000000001,0.368,0.118,0.34199999999999997,0.072
82,457,한국도로공사,20.4,0.844,0.446,0.362,0.13,0.32999999999999996,0.078
74,458,GS칼텍스,23.8,0.8159999999999998,0.32799999999999996,0.40199999999999997,0.154,0.368,0.054000000000000006
76,459,흥국생명,24.8,0.8320000000000001,0.35200000000000004,0.374,0.12400000000000003,0.35,0.06600000000000002
78,460,IBK기업은행,27.4,0.8400000000000001,0.36,0.37,0.10400000000000001,0.342,0.068
75,461,현대건설,25.6,0.8379999999999999,0.404,0.366,0.134,0.33599999999999997,0.038
75,462,GS칼텍스,22.2,0.826,0.33,0.392,0.14400000000000002,0.362,0.054000000000000006
72,463,KGC인삼공사,22.0,0.8100000000000002,0.35200000000000004,0.37,0.12,0.332,0.041999999999999996
83,464,한국도로공사,21.2,0.852,0.442,0.38999999999999996,0.098,0.358,0.068
77,465,흥국생명,21.8,0.834,0.358,0.386,0.128,0.362,0.066
76,466,GS칼텍스,21.4,0.836,0.318,0.394,0.154,0.36000000000000004,0.048
79,467,IBK기업은행,27.4,0.834,0.366,0.36800000000000005,0.10400000000000001,0.3420000000000001,0.06599999999999999
73,468,KGC인삼공사,21.6,0.8,0.35400000000000004,0.368,0.13999999999999999,0.32799999999999996,0.038
76,469,현대건설,25.4,0.8240000000000001,0.386,0.382,0.134,0.352,0.042
80,470,IBK기업은행,25.2,0.8300000000000001,0.352,0.382,0.126,0.356,0.05600000000000001
78,471,흥국생명,21.8,0.834,0.368,0.368,0.14,0.352,0.055999999999999994
74,472,KGC인삼공사,19.2,0.79,0.38000000000000006,0.384,0.126,0.354,0.038000000000000006
84,473,한국도로공사,21.6,0.85,0.45199999999999996,0.38,0.07200000000000001,0.348,0.061999999999999986
77,474,GS칼텍스,19.0,0.834,0.312,0.386,0.152,0.352,0.052000000000000005
77,475,현대건설,23.4,0.812,0.40800000000000003,0.40800000000000003,0.14,0.38,0.039999999999999994
81,476,IBK기업은행,22.2,0.828,0.334,0.39,0.11599999999999999,0.35600000000000004,0.052000000000000005
79,477,흥국생명,20.2,0.8220000000000001,0.386,0.366,0.14,0.344,0.05800000000000001
75,478,KGC인삼공사,20.8,0.792,0.36600000000000005,0.396,0.122,0.366,0.044
85,479,한국도로공사,22.4,0.852,0.44400000000000006,0.36400000000000005,0.072,0.336,0.054000000000000006
78,480,GS칼텍스,17.0,0.8400000000000001,0.3,0.37,0.148,0.33799999999999997,0.05600000000000001
78,481,현대건설,20.2,0.8140000000000001,0.404,0.426,0.162,0.39399999999999996,0.04
86,482,한국도로공사,22.0,0.852,0.43199999999999994,0.35200000000000004,0.07999999999999999,0.324,0.064
80,483,흥국생명,17.2,0.8299999999999998,0.346,0.388,0.146,0.364,0.05
82,484,IBK기업은행,21.0,0.8119999999999999,0.33,0.364,0.12,0.332,0.048
79,485,현대건설,21.2,0.812,0.41600000000000004,0.42200000000000004,0.182,0.38999999999999996,0.04
79,486,GS칼텍스,16.8,0.8280000000000001,0.316,0.37,0.144,0.34,0.05
81,487,흥국생명,14.4,0.8240000000000001,0.33799999999999997,0.392,0.128,0.372,0.05199999999999999
83,488,IBK기업은행,18.4,0.8240000000000001,0.314,0.382,0.11599999999999999,0.352,0.036
87,489,한국도로공사,22.2,0.85,0.45999999999999996,0.358,0.07999999999999999,0.33199999999999996,0.048
76,490,KGC인삼공사,20.8,0.8039999999999999,0.34400000000000003,0.404,0.11599999999999999,0.36999999999999994,0.052000000000000005
80,491,현대건설,19.0,0.8220000000000001,0.41600000000000004,0.41999999999999993,0.18,0.386,0.05800000000000001
80,492,GS칼텍스,17.8,0.8459999999999999,0.33599999999999997,0.376,0.13199999999999998,0.34199999999999997,0.05600000000000001
88,493,한국도로공사,22.2,0.8480000000000001,0.51,0.344,0.10400000000000001,0.316,0.048
84,494,IBK기업은행,20.8,0.8299999999999998,0.31000000000000005,0.37,0.10599999999999998,0.338,0.034
77,495,KGC인삼공사,21.8,0.8119999999999999,0.366,0.38999999999999996,0.11599999999999999,0.36,0.05600000000000001
81,496,현대건설,19.4,0.834,0.43,0.398,0.188,0.368,0.06000000000000001
82,497,흥국생명,16.0,0.82,0.346,0.35800000000000004,0.13999999999999999,0.338,0.052000000000000005
81,498,GS칼텍스,20.0,0.836,0.39,0.362,0.11600000000000002,0.33199999999999996,0.05000000000000001
78,499,KGC인삼공사,24.6,0.834,0.384,0.404,0.118,0.37600000000000006,0.05600000000000001
89,500,한국도로공사,22.6,0.852,0.502,0.348,0.12,0.322,0.052000000000000005
82,501,현대건설,20.6,0.86,0.418,0.36400000000000005,0.182,0.34,0.068
79,502,KGC인삼공사,25.2,0.8460000000000001,0.398,0.382,0.11200000000000002,0.348,0.054000000000000006
83,503,흥국생명,16.2,0.8119999999999999,0.332,0.35000000000000003,0.146,0.328,0.054000000000000006
82,504,GS칼텍스,19.0,0.8460000000000001,0.40800000000000003,0.376,0.134,0.354,0.048
85,505,IBK기업은행,20.2,0.8239999999999998,0.324,0.368,0.10200000000000001,0.34,0.036
83,506,현대건설,21.0,0.8619999999999999,0.404,0.372,0.166,0.346,0.078
84,507,흥국생명,17.4,0.8119999999999999,0.328,0.35000000000000003,0.152,0.33,0.048
83,508,GS칼텍스,19.6,0.8560000000000001,0.44399999999999995,0.382,0.15,0.36,0.041999999999999996
86,509,IBK기업은행,19.6,0.828,0.318,0.33999999999999997,0.10200000000000001,0.31399999999999995,0.036
80,510,KGC인삼공사,24.8,0.8400000000000001,0.41,0.378,0.10799999999999998,0.34800000000000003,0.05
90,511,한국도로공사,21.6,0.8460000000000001,0.5040000000000001,0.374,0.128,0.34,0.04
87,512,IBK기업은행,20.6,0.8459999999999999,0.32199999999999995,0.356,0.09,0.326,0.046
85,513,흥국생명,17.4,0.806,0.33199999999999996,0.33399999999999996,0.13999999999999999,0.312,0.05
84,514,GS칼텍스,19.6,0.8619999999999999,0.438,0.406,0.138,0.382,0.044000000000000004
81,515,KGC인삼공사,22.6,0.826,0.41200000000000003,0.378,0.11199999999999999,0.348,0.048
91,516,한국도로공사,23.6,0.8540000000000001,0.53,0.378,0.126,0.35200000000000004,0.038
84,517,현대건설,22.0,0.8539999999999999,0.372,0.372,0.146,0.34199999999999997,0.082
88,518,IBK기업은행,21.6,0.8299999999999998,0.32999999999999996,0.33599999999999997,0.09000000000000001,0.308,0.05600000000000001
82,519,KGC인삼공사,23.0,0.8379999999999999,0.41400000000000003,0.38199999999999995,0.11599999999999999,0.354,0.046
85,520,GS칼텍스,21.2,0.8460000000000001,0.422,0.39399999999999996,0.144,0.374,0.044
86,521,흥국생명,18.8,0.818,0.32599999999999996,0.328,0.13000000000000003,0.306,0.048
83,522,KGC인삼공사,20.4,0.8240000000000002,0.41400000000000003,0.386,0.128,0.35,0.04
85,523,현대건설,20.4,0.842,0.35800000000000004,0.39999999999999997,0.148,0.36999999999999994,0.07800000000000001
92,524,한국도로공사,22.2,0.8400000000000001,0.45200000000000007,0.362,0.13,0.332,0.046000000000000006
87,525,흥국생명,18.2,0.826,0.3,0.336,0.10600000000000001,0.314,0.048
89,526,IBK기업은행,17.2,0.826,0.34,0.34400000000000003,0.10200000000000001,0.318,0.062
86,527,현대건설,20.6,0.8460000000000001,0.322,0.41,0.132,0.376,0.072
86,528,GS칼텍스,20.8,0.8560000000000001,0.40800000000000003,0.414,0.15,0.4,0.05600000000000001
93,529,한국도로공사,22.4,0.8300000000000001,0.40800000000000003,0.36800000000000005,0.10999999999999999,0.33999999999999997,0.046
84,530,KGC인삼공사,21.2,0.8300000000000001,0.386,0.386,0.138,0.35,0.06200000000000001
88,531,흥국생명,18.2,0.828,0.27399999999999997,0.35,0.08800000000000001,0.328,0.044
90,532,IBK기업은행,17.2,0.8219999999999998,0.33,0.32999999999999996,0.094,0.308,0.06
94,533,한국도로공사,21.6,0.812,0.42400000000000004,0.35400000000000004,0.096,0.326,0.041999999999999996
87,534,GS칼텍스,21.6,0.8600000000000001,0.422,0.43,0.132,0.402,0.05
87,535,현대건설,19.4,0.842,0.298,0.43,0.136,0.384,0.06
91,536,IBK기업은행,17.8,0.818,0.358,0.37,0.088,0.348,0.066
85,537,KGC인삼공사,21.8,0.834,0.364,0.378,0.13999999999999999,0.33999999999999997,0.05600000000000001
88,538,현대건설,21.0,0.8219999999999998,0.292,0.414,0.13,0.36800000000000005,0.044000000000000004
89,539,흥국생명,19.4,0.844,0.27,0.346,0.08600000000000001,0.326,0.046
88,540,GS칼텍스,23.2,0.852,0.43,0.446,0.118,0.42000000000000004,0.054000000000000006
95,541,한국도로공사,21.4,0.818,0.43200000000000005,0.33999999999999997,0.072,0.318,0.046
92,542,IBK기업은행,19.0,0.818,0.348,0.358,0.11200000000000002,0.33999999999999997,0.06399999999999999
90,543,흥국생명,18.8,0.836,0.3,0.344,0.11000000000000001,0.324,0.05800000000000001
89,544,GS칼텍스,22.8,0.8619999999999999,0.43200000000000005,0.426,0.13,0.40199999999999997,0.062
89,545,현대건설,20.6,0.826,0.31999999999999995,0.414,0.12,0.372,0.033999999999999996
90,546,GS칼텍스,20.2,0.8480000000000001,0.44399999999999995,0.418,0.14200000000000002,0.39599999999999996,0.05800000000000001
90,547,현대건설,21.6,0.812,0.32999999999999996,0.41600000000000004,0.128,0.372,0.026000000000000002
93,548,IBK기업은행,17.8,0.818,0.32,0.346,0.11000000000000001,0.328,0.064
86,549,KGC인삼공사,24.8,0.85,0.382,0.366,0.146,0.326,0.05600000000000001
91,550,GS칼텍스,20.4,0.836,0.434,0.396,0.14400000000000002,0.372,0.064
91,551,흥국생명,17.4,0.836,0.312,0.37,0.11400000000000002,0.346,0.05800000000000001
96,552,한국도로공사,20.2,0.8099999999999999,0.42000000000000004,0.322,0.10400000000000001,0.3,0.044
91,553,현대건설,20.6,0.8059999999999998,0.362,0.422,0.132,0.374,0.022
87,554,KGC인삼공사,23.0,0.8459999999999999,0.36,0.356,0.13999999999999999,0.316,0.06
92,555,흥국생명,18.2,0.8480000000000001,0.35,0.386,0.13,0.358,0.057999999999999996
92,556,GS칼텍스,20.4,0.818,0.458,0.376,0.15200000000000002,0.356,0.06
94,557,IBK기업은행,20.2,0.82,0.31,0.35200000000000004,0.10600000000000001,0.33399999999999996,0.066
88,558,KGC인삼공사,23.8,0.8320000000000001,0.36,0.36,0.128,0.332,0.05800000000000001
97,559,한국도로공사,19.8,0.8219999999999998,0.458,0.304,0.096,0.28600000000000003,0.034
95,560,IBK기업은행,21.2,0.8320000000000001,0.31,0.36800000000000005,0.10600000000000001,0.342,0.06000000000000001
92,561,현대건설,20.6,0.806,0.41200000000000003,0.396,0.13,0.36,0.028000000000000004
98,562,한국도로공사,18.0,0.8379999999999999,0.47400000000000003,0.316,0.096,0.296,0.038
93,563,흥국생명,18.2,0.8440000000000001,0.382,0.40199999999999997,0.14200000000000002,0.372,0.06999999999999999
93,564,GS칼텍스,19.6,0.8160000000000001,0.434,0.36599999999999994,0.162,0.34199999999999997,0.057999999999999996
89,565,KGC인삼공사,23.0,0.8320000000000001,0.354,0.36,0.13599999999999998,0.33199999999999996,0.036
93,566,현대건설,20.4,0.8160000000000001,0.426,0.396,0.128,0.364,0.033999999999999996
94,567,흥국생명,18.0,0.842,0.39,0.41,0.12200000000000003,0.374,0.064
94,568,GS칼텍스,19.6,0.808,0.44000000000000006,0.37199999999999994,0.14999999999999997,0.344,0.05
99,569,한국도로공사,19.8,0.85,0.45999999999999996,0.332,0.122,0.30600000000000005,0.042
96,570,IBK기업은행,21.8,0.8400000000000001,0.30600000000000005,0.356,0.12,0.332,0.054000000000000006
95,571,흥국생명,19.8,0.858,0.384,0.41200000000000003,0.122,0.382,0.052000000000000005
90,572,KGC인삼공사,20.0,0.8319999999999999,0.382,0.37,0.13599999999999998,0.348,0.042
94,573,현대건설,20.0,0.826,0.41,0.38599999999999995,0.132,0.35400000000000004,0.038000000000000006
97,574,IBK기업은행,19.8,0.8539999999999999,0.304,0.352,0.10800000000000001,0.32799999999999996,0.038
100,575,한국도로공사,20.0,0.8380000000000001,0.434,0.328,0.136,0.296,0.048
95,576,GS칼텍스,19.8,0.826,0.438,0.39199999999999996,0.156,0.366,0.05199999999999999
96,577,흥국생명,18.8,0.86,0.36200000000000004,0.402,0.128,0.374,0.054000000000000006
98,578,IBK기업은행,21.6,0.86,0.34400000000000003,0.364,0.11599999999999999,0.33999999999999997,0.04
91,579,KGC인삼공사,17.0,0.8240000000000001,0.38,0.382,0.148,0.366,0.036000000000000004
96,580,GS칼텍스,18.6,0.8200000000000001,0.446,0.40199999999999997,0.16399999999999998,0.376,0.044000000000000004
95,581,현대건설,19.2,0.836,0.392,0.36,0.11200000000000002,0.33,0.03
101,582,한국도로공사,20.4,0.836,0.426,0.32799999999999996,0.13399999999999998,0.298,0.05
97,583,흥국생명,17.6,0.85,0.338,0.404,0.132,0.382,0.06000000000000001
99,584,IBK기업은행,20.6,0.852,0.344,0.372,0.134,0.34199999999999997,0.044
96,585,현대건설,17.8,0.842,0.384,0.33399999999999996,0.11399999999999999,0.31000000000000005,0.032
92,586,KGC인삼공사,16.4,0.812,0.388,0.38999999999999996,0.15799999999999997,0.372,0.032
102,587,한국도로공사,21.0,0.836,0.422,0.34400000000000003,0.14600000000000002,0.31,0.05600000000000001
97,588,GS칼텍스,18.8,0.826,0.434,0.404,0.164,0.38,0.05
100,589,IBK기업은행,20.6,0.8540000000000001,0.378,0.368,0.13199999999999998,0.34400000000000003,0.046
97,590,현대건설,19.4,0.8399999999999999,0.36000000000000004,0.34800000000000003,0.11600000000000002,0.324,0.024
98,591,흥국생명,17.8,0.8619999999999999,0.336,0.38599999999999995,0.126,0.362,0.05600000000000001
98,592,GS칼텍스,17.8,0.826,0.43600000000000005,0.40800000000000003,0.162,0.378,0.066
93,593,KGC인삼공사,14.6,0.834,0.356,0.382,0.146,0.356,0.038
101,594,IBK기업은행,18.4,0.8459999999999999,0.33599999999999997,0.352,0.13999999999999999,0.32799999999999996,0.05
99,595,흥국생명,15.0,0.8539999999999999,0.358,0.388,0.13599999999999998,0.368,0.068
99,596,GS칼텍스,19.0,0.834,0.42800000000000005,0.41,0.164,0.38,0.068
103,597,한국도로공사,21.6,0.818,0.392,0.324,0.154,0.29200000000000004,0.048
94,598,KGC인삼공사,16.2,0.8240000000000001,0.362,0.38999999999999996,0.126,0.366,0.038
98,599,현대건설,20.6,0.8459999999999999,0.316,0.35200000000000004,0.098,0.32,0.018000000000000002
102,600,IBK기업은행,19.0,0.8099999999999999,0.344,0.354,0.126,0.33,0.06000000000000001
104,601,한국도로공사,18.8,0.8140000000000001,0.40199999999999997,0.32000000000000006,0.138,0.28800000000000003,0.04
95,602,KGC인삼공사,16.6,0.8140000000000001,0.358,0.38,0.14,0.344,0.034
100,603,흥국생명,14.4,0.8560000000000001,0.34600000000000003,0.4119999999999999,0.122,0.39,0.07
105,604,한국도로공사,20.2,0.8320000000000001,0.42400000000000004,0.32600000000000007,0.148,0.29800000000000004,0.034
99,605,현대건설,18.4,0.8380000000000001,0.29,0.368,0.10600000000000001,0.33399999999999996,0.016
100,606,GS칼텍스,20.0,0.8440000000000001,0.42800000000000005,0.414,0.166,0.38,0.06600000000000002
101,607,흥국생명,15.8,0.834,0.344,0.42800000000000005,0.128,0.398,0.07200000000000001
103,608,IBK기업은행,21.0,0.8099999999999999,0.34199999999999997,0.364,0.124,0.34,0.054000000000000006
96,609,KGC인삼공사,19.0,0.79,0.35200000000000004,0.376,0.13,0.33799999999999997,0.038
106,610,한국도로공사,19.2,0.8480000000000001,0.46399999999999997,0.358,0.138,0.32799999999999996,0.038
100,611,현대건설,19.2,0.8320000000000001,0.31999999999999995,0.366,0.11800000000000002,0.334,0.018
101,612,GS칼텍스,20.8,0.8560000000000001,0.41,0.40800000000000003,0.148,0.36999999999999994,0.062
104,613,IBK기업은행,19.8,0.8,0.32399999999999995,0.352,0.10200000000000001,0.33199999999999996,0.042
97,614,KGC인삼공사,18.4,0.7919999999999999,0.34800000000000003,0.388,0.136,0.352,0.042
101,615,현대건설,22.0,0.8400000000000001,0.308,0.382,0.11000000000000001,0.346,0.02
107,616,한국도로공사,19.2,0.836,0.476,0.368,0.126,0.33599999999999997,0.044
102,617,흥국생명,18.4,0.8379999999999999,0.33999999999999997,0.414,0.11599999999999999,0.378,0.06200000000000001
102,618,GS칼텍스,20.8,0.852,0.394,0.41200000000000003,0.13200000000000003,0.372,0.064
98,619,KGC인삼공사,18.2,0.78,0.374,0.41,0.13000000000000003,0.372,0.038
105,620,IBK기업은행,19.8,0.786,0.30599999999999994,0.36,0.11200000000000002,0.344,0.05
103,621,흥국생명,19.0,0.82,0.33799999999999997,0.418,0.10799999999999998,0.384,0.06200000000000001
103,622,GS칼텍스,21.8,0.844,0.43200000000000005,0.404,0.13799999999999998,0.374,0.052000000000000005
102,623,현대건설,22.0,0.818,0.29600000000000004,0.398,0.1,0.356,0.034
99,624,KGC인삼공사,16.8,0.7899999999999999,0.39799999999999996,0.418,0.138,0.37799999999999995,0.036
108,625,한국도로공사,19.8,0.8260000000000002,0.48599999999999993,0.392,0.13,0.35600000000000004,0.046
106,626,IBK기업은행,20.4,0.774,0.346,0.37799999999999995,0.10200000000000001,0.364,0.052000000000000005
109,627,한국도로공사,20.2,0.8320000000000001,0.47000000000000003,0.4,0.122,0.36600000000000005,0.05
100,628,KGC인삼공사,17.6,0.796,0.392,0.42800000000000005,0.134,0.388,0.038
104,629,흥국생명,18.8,0.8319999999999999,0.32999999999999996,0.438,0.12,0.398,0.06200000000000001
107,630,IBK기업은행,21.2,0.792,0.348,0.39599999999999996,0.11400000000000002,0.38199999999999995,0.041999999999999996
103,631,현대건설,21.0,0.812,0.322,0.404,0.11599999999999999,0.372,0.036000000000000004
104,632,GS칼텍스,22.0,0.836,0.446,0.402,0.14200000000000002,0.368,0.048
110,633,한국도로공사,17.6,0.8160000000000001,0.47400000000000003,0.41000000000000003,0.11599999999999999,0.37600000000000006,0.05800000000000001
104,634,현대건설,23.6,0.812,0.35000000000000003,0.404,0.10399999999999998,0.376,0.044000000000000004
105,635,흥국생명,18.6,0.8240000000000001,0.35200000000000004,0.422,0.12,0.374,0.06000000000000001
105,636,GS칼텍스,23.8,0.826,0.446,0.394,0.13,0.35799999999999993,0.048
108,637,IBK기업은행,17.6,0.766,0.332,0.396,0.118,0.38,0.054000000000000006
101,638,KGC인삼공사,17.6,0.8099999999999999,0.40199999999999997,0.43,0.13,0.38800000000000007,0.036000000000000004
105,639,현대건설,25.8,0.808,0.328,0.41200000000000003,0.10200000000000001,0.382,0.046
102,640,KGC인삼공사,17.6,0.8019999999999999,0.41200000000000003,0.418,0.118,0.372,0.03
111,641,한국도로공사,18.4,0.8019999999999999,0.43600000000000005,0.402,0.11600000000000002,0.364,0.044
106,642,현대건설,23.2,0.8019999999999999,0.324,0.42000000000000004,0.10999999999999999,0.394,0.046
106,643,흥국생명,20.6,0.834,0.398,0.404,0.118,0.36,0.06
109,644,IBK기업은행,19.6,0.782,0.338,0.384,0.10800000000000001,0.366,0.06
103,645,KGC인삼공사,20.4,0.806,0.42799999999999994,0.38599999999999995,0.132,0.342,0.030000000000000006
106,646,GS칼텍스,23.0,0.8240000000000001,0.47400000000000003,0.404,0.142,0.37,0.04
112,647,한국도로공사,18.0,0.8139999999999998,0.418,0.40599999999999997,0.128,0.368,0.032
110,648,IBK기업은행,18.0,0.7919999999999999,0.32,0.378,0.098,0.354,0.05
107,649,현대건설,21.2,0.8160000000000001,0.33799999999999997,0.41600000000000004,0.11199999999999999,0.392,0.034
113,650,한국도로공사,16.2,0.828,0.40800000000000003,0.38999999999999996,0.13799999999999998,0.352,0.032
107,651,흥국생명,16.6,0.8400000000000001,0.42800000000000005,0.41200000000000003,0.11599999999999999,0.374,0.07
107,652,GS칼텍스,22.0,0.8280000000000001,0.47800000000000004,0.404,0.174,0.36999999999999994,0.044000000000000004
104,653,KGC인삼공사,19.8,0.796,0.40599999999999997,0.40199999999999997,0.144,0.356,0.04
114,654,한국도로공사,17.2,0.8299999999999998,0.45,0.382,0.14,0.34600000000000003,0.034
108,655,현대건설,22.6,0.8160000000000001,0.366,0.41,0.11399999999999999,0.378,0.032
111,656,IBK기업은행,20.2,0.8019999999999999,0.346,0.37,0.11200000000000002,0.34800000000000003,0.044
108,657,흥국생명,16.8,0.86,0.4640000000000001,0.414,0.12,0.376,0.064
105,658,KGC인삼공사,18.6,0.79,0.42000000000000004,0.392,0.12999999999999998,0.354,0.04
109,659,흥국생명,17.0,0.8539999999999999,0.47800000000000004,0.4,0.11399999999999999,0.36,0.05800000000000001
108,660,GS칼텍스,21.4,0.8299999999999998,0.45999999999999996,0.422,0.18,0.386,0.042
109,661,현대건설,21.4,0.82,0.382,0.39399999999999996,0.11599999999999999,0.358,0.019999999999999997
112,662,IBK기업은행,19.4,0.818,0.35600000000000004,0.348,0.11400000000000002,0.32999999999999996,0.039999999999999994
115,663,한국도로공사,18.0,0.842,0.4720000000000001,0.39,0.152,0.354,0.026000000000000002
109,664,GS칼텍스,19.6,0.82,0.472,0.422,0.182,0.39,0.042
110,665,흥국생명,17.2,0.8480000000000001,0.48200000000000004,0.39200000000000007,0.122,0.352,0.062
116,666,한국도로공사,15.0,0.8540000000000001,0.47800000000000004,0.394,0.14999999999999997,0.36,0.032
110,667,현대건설,20.8,0.826,0.41,0.40800000000000003,0.11399999999999999,0.36800000000000005,0.02
110,668,GS칼텍스,17.2,0.7979999999999998,0.488,0.42800000000000005,0.18,0.39999999999999997,0.036000000000000004
113,669,IBK기업은행,20.0,0.8379999999999999,0.366,0.33599999999999997,0.1,0.316,0.026000000000000002
106,670,KGC인삼공사,17.6,0.798,0.40199999999999997,0.386,0.128,0.34400000000000003,0.046
117,671,한국도로공사,15.6,0.85,0.512,0.392,0.15,0.356,0.032
111,672,현대건설,20.6,0.8119999999999999,0.44400000000000006,0.386,0.10800000000000001,0.34600000000000003,0.018
111,673,흥국생명,14.8,0.8480000000000001,0.48,0.404,0.13999999999999999,0.36400000000000005,0.06
114,674,IBK기업은행,19.8,0.8399999999999999,0.384,0.348,0.11600000000000002,0.328,0.018000000000000002
107,675,KGC인삼공사,17.8,0.808,0.40800000000000003,0.38599999999999995,0.128,0.34600000000000003,0.05
111,676,GS칼텍스,18.8,0.79,0.48200000000000004,0.40800000000000003,0.17200000000000001,0.38,0.04
112,677,흥국생명,17.6,0.85,0.47000000000000003,0.396,0.144,0.35200000000000004,0.05800000000000001
108,678,KGC인삼공사,16.0,0.818,0.38,0.364,0.118,0.328,0.05800000000000001
112,679,현대건설,22.2,0.8160000000000001,0.45,0.376,0.11400000000000002,0.336,0.024
115,680,IBK기업은행,20.8,0.8480000000000001,0.41600000000000004,0.34199999999999997,0.142,0.322,0.026000000000000002
118,681,한국도로공사,17.8,0.858,0.524,0.388,0.142,0.35200000000000004,0.027999999999999997
112,682,GS칼텍스,18.4,0.796,0.496,0.426,0.166,0.398,0.032
113,683,현대건설,21.6,0.8300000000000001,0.43599999999999994,0.378,0.11400000000000002,0.34199999999999997,0.030000000000000006
119,684,한국도로공사,18.4,0.8539999999999999,0.49399999999999994,0.402,0.148,0.366,0.034
113,685,흥국생명,15.4,0.826,0.43,0.378,0.142,0.33,0.062
116,686,IBK기업은행,21.2,0.836,0.368,0.352,0.13,0.32199999999999995,0.03200000000000001
114,687,현대건설,22.4,0.8320000000000001,0.426,0.384,0.11199999999999999,0.34800000000000003,0.04
113,688,GS칼텍스,17.8,0.792,0.488,0.41200000000000003,0.14800000000000002,0.382,0.024
109,689,KGC인삼공사,16.6,0.8320000000000001,0.402,0.33999999999999997,0.10400000000000001,0.31,0.06000000000000001
117,690,IBK기업은행,21.8,0.8299999999999998,0.358,0.382,0.128,0.346,0.042
114,691,흥국생명,17.2,0.8019999999999999,0.38399999999999995,0.35200000000000004,0.142,0.31,0.052000000000000005
114,692,GS칼텍스,17.8,0.7879999999999999,0.462,0.43,0.13200000000000003,0.40199999999999997,0.028000000000000004
120,693,한국도로공사,17.8,0.8640000000000001,0.502,0.4,0.184,0.358,0.05
110,694,KGC인삼공사,15.4,0.834,0.392,0.354,0.1,0.32,0.06
115,695,흥국생명,16.4,0.8039999999999999,0.386,0.318,0.11599999999999999,0.284,0.036
118,696,IBK기업은행,21.0,0.8400000000000001,0.338,0.418,0.152,0.376,0.048
115,697,현대건설,20.2,0.8320000000000001,0.40199999999999997,0.37200000000000005,0.11400000000000002,0.33599999999999997,0.05
115,698,GS칼텍스,17.0,0.8039999999999999,0.458,0.43800000000000006,0.15,0.406,0.046
121,699,한국도로공사,19.0,0.836,0.5,0.382,0.194,0.33599999999999997,0.048
119,700,IBK기업은행,20.0,0.8400000000000001,0.348,0.422,0.14599999999999996,0.38199999999999995,0.054000000000000006
116,701,흥국생명,16.4,0.8099999999999999,0.366,0.31599999999999995,0.10600000000000001,0.286,0.033999999999999996
111,702,KGC인삼공사,16.0,0.826,0.374,0.356,0.10400000000000001,0.32400000000000007,0.048
116,703,현대건설,21.0,0.836,0.4039999999999999,0.388,0.126,0.34800000000000003,0.052000000000000005
120,704,IBK기업은행,19.8,0.8240000000000001,0.346,0.44400000000000006,0.13999999999999999,0.404,0.046
122,705,한국도로공사,18.0,0.8220000000000001,0.47000000000000003,0.382,0.198,0.34,0.048
116,706,GS칼텍스,16.4,0.8159999999999998,0.45200000000000007,0.46399999999999997,0.13399999999999998,0.43,0.044
117,707,흥국생명,14.8,0.7979999999999999,0.378,0.32,0.096,0.288,0.03
112,708,KGC인삼공사,17.2,0.8240000000000001,0.366,0.376,0.12200000000000003,0.33999999999999997,0.046000000000000006
123,709,한국도로공사,17.2,0.82,0.472,0.38999999999999996,0.2,0.35,0.05
117,710,GS칼텍스,16.6,0.8020000000000002,0.43200000000000005,0.466,0.13,0.43,0.05399999999999999
117,711,현대건설,19.8,0.818,0.392,0.396,0.13799999999999998,0.36,0.044
124,712,한국도로공사,16.4,0.828,0.458,0.378,0.19,0.342,0.052000000000000005
118,713,흥국생명,15.6,0.806,0.378,0.346,0.098,0.316,0.028000000000000004
121,714,IBK기업은행,19.8,0.826,0.37,0.45,0.136,0.4119999999999999,0.046000000000000006
113,715,KGC인삼공사,18.0,0.826,0.386,0.396,0.132,0.36,0.05
118,716,현대건설,19.0,0.8099999999999999,0.376,0.396,0.136,0.358,0.036000000000000004
119,717,흥국생명,14.6,0.836,0.392,0.376,0.10800000000000001,0.34199999999999997,0.04
118,718,GS칼텍스,17.6,0.8039999999999999,0.42400000000000004,0.462,0.134,0.42799999999999994,0.054000000000000006
122,719,IBK기업은행,20.2,0.826,0.368,0.434,0.136,0.4,0.048
114,720,KGC인삼공사,18.4,0.8240000000000001,0.38,0.39,0.128,0.352,0.041999999999999996
120,721,흥국생명,17.0,0.826,0.374,0.394,0.124,0.36,0.048
125,722,한국도로공사,17.4,0.806,0.396,0.36800000000000005,0.148,0.336,0.034
119,723,현대건설,18.2,0.806,0.386,0.414,0.156,0.376,0.032
119,724,GS칼텍스,16.8,0.8240000000000001,0.43600000000000005,0.45200000000000007,0.16799999999999998,0.41600000000000004,0.057999999999999996
115,725,KGC인삼공사,19.2,0.8380000000000001,0.364,0.39,0.138,0.354,0.048
123,726,IBK기업은행,20.4,0.792,0.376,0.386,0.10800000000000001,0.36000000000000004,0.038
121,727,흥국생명,16.6,0.8100000000000002,0.374,0.36,0.11000000000000001,0.32199999999999995,0.041999999999999996
124,728,IBK기업은행,21.4,0.794,0.34400000000000003,0.378,0.10200000000000001,0.348,0.038
122,729,흥국생명,19.2,0.8140000000000001,0.356,0.356,0.142,0.322,0.046
125,730,IBK기업은행,20.6,0.8,0.318,0.374,0.10400000000000001,0.344,0.05
123,731,흥국생명,19.2,0.8139999999999998,0.35,0.34,0.144,0.31,0.041999999999999996
120,732,GS칼텍스,17.0,0.818,0.43599999999999994,0.442,0.15,0.40800000000000003,0.05
124,733,흥국생명,18.0,0.808,0.368,0.36,0.128,0.328,0.036
121,734,GS칼텍스,14.8,0.8160000000000001,0.42800000000000005,0.454,0.176,0.41600000000000004,0.046
125,735,흥국생명,17.0,0.808,0.376,0.368,0.11600000000000002,0.33,0.032
122,736,GS칼텍스,15.2,0.834,0.44799999999999995,0.44000000000000006,0.16199999999999998,0.40599999999999997,0.046000000000000006
126,737,흥국생명,17.2,0.8,0.366,0.38,0.12200000000000003,0.34,0.038
123,738,GS칼텍스,17.2,0.836,0.426,0.454,0.148,0.418,0.05
127,739,흥국생명,15.4,0.78,0.35600000000000004,0.388,0.096,0.34400000000000003,0.032
126,740,IBK기업은행,19.0,0.8,0.31399999999999995,0.35,0.08800000000000001,0.31999999999999995,0.044
120,741,현대건설,20.8,0.818,0.39799999999999996,0.40800000000000003,0.15799999999999997,0.372,0.036
116,742,KGC인삼공사,17.0,0.8480000000000001,0.41,0.406,0.146,0.366,0.054000000000000006
0,743,페퍼저축은행,18.92,0.7659200000000002,0.30136,0.35544000000000003,0.10888000000000003,0.31880000000000003,0.05016000000000002
126,744,한국도로공사,18.0,0.828,0.376,0.36800000000000005,0.14600000000000002,0.344,0.03200000000000001
121,745,현대건설,21.8,0.836,0.38199999999999995,0.41600000000000004,0.156,0.382,0.038
127,746,IBK기업은행,18.6,0.7860000000000001,0.32200000000000006,0.342,0.08400000000000002,0.31,0.038
128,747,흥국생명,15.2,0.7820000000000001,0.35000000000000003,0.392,0.11200000000000002,0.34,0.034
124,748,GS칼텍스,18.2,0.836,0.44800000000000006,0.45,0.122,0.41600000000000004,0.048
1,749,페퍼저축은행,18.919999999999998,0.76592,0.30135999999999996,0.35544000000000003,0.10888000000000003,0.31880000000000003,0.05016000000000002
117,750,KGC인삼공사,17.6,0.866,0.404,0.388,0.132,0.354,0.05600000000000001
127,751,한국도로공사,18.2,0.8300000000000001,0.382,0.35600000000000004,0.138,0.33,0.03
122,752,현대건설,20.4,0.85,0.396,0.42000000000000004,0.15,0.38,0.048
129,753,흥국생명,16.6,0.788,0.32,0.36599999999999994,0.11200000000000002,0.32199999999999995,0.033999999999999996
128,754,IBK기업은행,19.6,0.8100000000000002,0.31,0.34800000000000003,0.09600000000000002,0.314,0.046
128,755,한국도로공사,17.4,0.8160000000000001,0.382,0.35,0.13,0.326,0.038
125,756,GS칼텍스,18.0,0.844,0.446,0.47400000000000003,0.156,0.4379999999999999,0.05600000000000001
123,757,현대건설,20.6,0.8480000000000001,0.398,0.42000000000000004,0.15,0.384,0.06799999999999999
118,758,KGC인삼공사,16.2,0.868,0.402,0.414,0.138,0.382,0.042
130,759,흥국생명,17.4,0.8019999999999999,0.3,0.368,0.13799999999999998,0.32599999999999996,0.042
2,760,페퍼저축은행,18.919999999999998,0.7659199999999999,0.30135999999999996,0.35544000000000003,0.10888000000000003,0.3188,0.05016000000000002
129,761,한국도로공사,17.0,0.818,0.372,0.368,0.148,0.33799999999999997,0.028000000000000004
126,762,GS칼텍스,19.2,0.8459999999999999,0.42000000000000004,0.438,0.136,0.41,0.074
129,763,IBK기업은행,19.2,0.8,0.314,0.34800000000000003,0.1,0.314,0.044000000000000004
119,764,KGC인삼공사,16.2,0.8639999999999999,0.396,0.42400000000000004,0.15,0.392,0.052000000000000005
124,765,현대건설,21.6,0.85,0.386,0.402,0.152,0.366,0.06599999999999999
3,766,페퍼저축은행,18.919999999999998,0.76592,0.30135999999999996,0.35544000000000003,0.10888000000000005,0.31880000000000003,0.05016000000000002
131,767,흥국생명,19.0,0.818,0.312,0.38,0.136,0.34199999999999997,0.041999999999999996
127,768,GS칼텍스,18.2,0.8380000000000001,0.388,0.43600000000000005,0.13999999999999999,0.41200000000000003,0.06400000000000002
130,769,한국도로공사,16.2,0.8320000000000001,0.39799999999999996,0.376,0.14200000000000002,0.35,0.036
130,770,IBK기업은행,20.4,0.8019999999999999,0.32,0.328,0.08800000000000001,0.29600000000000004,0.036
120,771,KGC인삼공사,16.0,0.844,0.396,0.4,0.14999999999999997,0.37,0.041999999999999996
4,772,페퍼저축은행,18.92,0.7659199999999999,0.30136,0.35544,0.10888000000000005,0.31880000000000003,0.05016000000000001
125,773,현대건설,19.2,0.842,0.37600000000000006,0.404,0.16,0.37000000000000005,0.064
131,774,한국도로공사,14.8,0.798,0.40599999999999997,0.384,0.146,0.356,0.046
132,775,흥국생명,19.8,0.8240000000000001,0.324,0.38399999999999995,0.134,0.352,0.044
128,776,GS칼텍스,14.6,0.836,0.388,0.45199999999999996,0.144,0.42799999999999994,0.064
121,777,KGC인삼공사,18.6,0.8539999999999999,0.406,0.384,0.14200000000000002,0.36000000000000004,0.046
131,778,IBK기업은행,20.0,0.8119999999999999,0.32999999999999996,0.316,0.11000000000000001,0.286,0.038000000000000006
5,779,페퍼저축은행,22.4,0.752,0.37,0.36400000000000005,0.146,0.32799999999999996,0.036000000000000004
129,780,GS칼텍스,16.0,0.8320000000000001,0.35,0.438,0.144,0.414,0.05
126,781,현대건설,21.2,0.8400000000000001,0.394,0.406,0.15,0.372,0.062
132,782,한국도로공사,15.0,0.8099999999999999,0.404,0.388,0.154,0.364,0.064
133,783,흥국생명,22.2,0.818,0.312,0.382,0.118,0.356,0.048
132,784,IBK기업은행,20.2,0.8240000000000001,0.346,0.32999999999999996,0.11400000000000002,0.30199999999999994,0.04
122,785,KGC인삼공사,18.4,0.8379999999999999,0.41000000000000003,0.39199999999999996,0.142,0.362,0.062
6,786,페퍼저축은행,22.0,0.736,0.35400000000000004,0.394,0.144,0.358,0.028000000000000004
127,787,현대건설,21.0,0.8379999999999999,0.39999999999999997,0.41400000000000003,0.144,0.38,0.074
130,788,GS칼텍스,16.8,0.8320000000000001,0.328,0.404,0.10400000000000001,0.38,0.048
134,789,흥국생명,24.6,0.8,0.33799999999999997,0.366,0.126,0.33999999999999997,0.052000000000000005
133,790,IBK기업은행,19.4,0.82,0.344,0.324,0.10999999999999999,0.298,0.04
7,791,페퍼저축은행,22.8,0.7499999999999999,0.354,0.38,0.146,0.33999999999999997,0.038
133,792,한국도로공사,17.0,0.836,0.398,0.39399999999999996,0.166,0.37,0.057999999999999996
128,793,현대건설,20.4,0.8379999999999999,0.41200000000000003,0.42000000000000004,0.16,0.384,0.074
123,794,KGC인삼공사,18.6,0.852,0.38,0.38199999999999995,0.128,0.352,0.06599999999999999
135,795,흥국생명,23.8,0.8,0.33799999999999997,0.354,0.11200000000000002,0.334,0.054000000000000006
131,796,GS칼텍스,15.8,0.8380000000000001,0.376,0.42400000000000004,0.118,0.402,0.038000000000000006
8,797,페퍼저축은행,25.2,0.776,0.36000000000000004,0.374,0.152,0.33799999999999997,0.044
134,798,IBK기업은행,20.4,0.818,0.354,0.33799999999999997,0.126,0.31399999999999995,0.048
129,799,현대건설,17.8,0.852,0.4,0.44000000000000006,0.138,0.404,0.08199999999999999
124,800,KGC인삼공사,17.4,0.86,0.37600000000000006,0.376,0.12999999999999998,0.346,0.05600000000000001
134,801,한국도로공사,16.2,0.8160000000000001,0.422,0.366,0.14999999999999997,0.34600000000000003,0.052000000000000005
135,802,IBK기업은행,21.2,0.8219999999999998,0.362,0.34199999999999997,0.11200000000000002,0.316,0.05600000000000001
136,803,흥국생명,23.0,0.798,0.326,0.34,0.118,0.316,0.052000000000000005
132,804,GS칼텍스,17.4,0.8459999999999999,0.384,0.43,0.12600000000000003,0.402,0.054000000000000006
135,805,한국도로공사,17.0,0.818,0.388,0.368,0.148,0.346,0.05600000000000001
125,806,KGC인삼공사,18.4,0.866,0.382,0.37,0.126,0.33199999999999996,0.05600000000000001
9,807,페퍼저축은행,22.6,0.762,0.296,0.362,0.138,0.31799999999999995,0.052000000000000005
130,808,현대건설,19.4,0.8560000000000001,0.386,0.45,0.128,0.414,0.08
137,809,흥국생명,21.8,0.8160000000000001,0.296,0.316,0.126,0.29600000000000004,0.048
133,810,GS칼텍스,21.6,0.8640000000000001,0.41600000000000004,0.40199999999999997,0.128,0.376,0.06
136,811,IBK기업은행,20.6,0.8280000000000001,0.37,0.37,0.10800000000000001,0.338,0.066
10,812,페퍼저축은행,22.4,0.7739999999999999,0.288,0.33599999999999997,0.10999999999999999,0.296,0.06000000000000001
136,813,한국도로공사,18.2,0.85,0.406,0.36,0.144,0.33599999999999997,0.052000000000000005
134,814,GS칼텍스,20.0,0.8720000000000001,0.40599999999999997,0.414,0.13,0.388,0.06599999999999999
126,815,KGC인삼공사,16.6,0.874,0.356,0.386,0.124,0.34,0.05800000000000001
11,816,페퍼저축은행,20.8,0.772,0.28600000000000003,0.32399999999999995,0.10400000000000001,0.284,0.064
138,817,흥국생명,20.2,0.8140000000000001,0.3,0.31799999999999995,0.136,0.3,0.038
137,818,IBK기업은행,19.6,0.8160000000000001,0.33799999999999997,0.35800000000000004,0.118,0.324,0.06399999999999999
137,819,한국도로공사,19.4,0.85,0.40199999999999997,0.388,0.148,0.362,0.042
127,820,KGC인삼공사,15.6,0.8800000000000001,0.34199999999999997,0.37,0.124,0.32599999999999996,0.044000000000000004
131,821,현대건설,17.4,0.8379999999999999,0.376,0.45199999999999996,0.124,0.41,0.082
135,822,GS칼텍스,19.2,0.8879999999999999,0.394,0.42400000000000004,0.138,0.40199999999999997,0.074
139,823,흥국생명,18.2,0.8240000000000001,0.266,0.34199999999999997,0.138,0.32200000000000006,0.04
138,824,IBK기업은행,19.0,0.792,0.362,0.36600000000000005,0.124,0.334,0.064
12,825,페퍼저축은행,21.0,0.7699999999999999,0.29000000000000004,0.33599999999999997,0.098,0.302,0.072
138,826,한국도로공사,16.6,0.8400000000000001,0.40800000000000003,0.41200000000000003,0.14600000000000002,0.384,0.036000000000000004
132,827,현대건설,18.8,0.844,0.348,0.45199999999999996,0.13,0.41400000000000003,0.06799999999999999
136,828,GS칼텍스,19.2,0.882,0.368,0.418,0.132,0.38999999999999996,0.072
13,829,페퍼저축은행,19.2,0.7659999999999999,0.27799999999999997,0.33,0.092,0.29000000000000004,0.074
139,830,IBK기업은행,15.4,0.8,0.39999999999999997,0.366,0.12999999999999998,0.336,0.054000000000000006
128,831,KGC인삼공사,16.0,0.8720000000000001,0.33599999999999997,0.34800000000000003,0.124,0.302,0.06
139,832,한국도로공사,16.4,0.85,0.38599999999999995,0.42400000000000004,0.162,0.394,0.044000000000000004
140,833,흥국생명,17.8,0.826,0.302,0.348,0.138,0.326,0.034
137,834,GS칼텍스,18.6,0.8800000000000001,0.372,0.42799999999999994,0.13,0.39799999999999996,0.06
133,835,현대건설,21.6,0.8440000000000001,0.334,0.44799999999999995,0.11600000000000002,0.41000000000000003,0.05600000000000001
129,836,KGC인삼공사,17.8,0.876,0.346,0.35200000000000004,0.10999999999999999,0.304,0.062
14,837,페퍼저축은행,18.6,0.772,0.29599999999999993,0.328,0.088,0.29400000000000004,0.082
134,838,현대건설,22.6,0.826,0.36,0.44399999999999995,0.128,0.41200000000000003,0.05
141,839,흥국생명,17.6,0.8240000000000001,0.3,0.352,0.126,0.33399999999999996,0.032
138,840,GS칼텍스,16.2,0.85,0.358,0.434,0.136,0.404,0.055999999999999994
140,841,IBK기업은행,14.0,0.812,0.41600000000000004,0.352,0.14,0.324,0.036
15,842,페퍼저축은행,18.8,0.766,0.282,0.35000000000000003,0.07,0.314,0.072
140,843,한국도로공사,17.6,0.8480000000000001,0.41600000000000004,0.41600000000000004,0.16399999999999998,0.386,0.046
130,844,KGC인삼공사,17.8,0.882,0.35,0.372,0.12799999999999997,0.32999999999999996,0.06599999999999999
135,845,현대건설,21.2,0.8400000000000001,0.362,0.446,0.128,0.41,0.066
141,846,IBK기업은행,15.6,0.8019999999999999,0.39,0.32,0.13000000000000003,0.298,0.030000000000000006
142,847,흥국생명,16.6,0.82,0.288,0.34600000000000003,0.13,0.32,0.038
139,848,GS칼텍스,16.0,0.86,0.38599999999999995,0.438,0.14800000000000002,0.404,0.05600000000000001
141,849,한국도로공사,16.2,0.8400000000000001,0.43200000000000005,0.44800000000000006,0.16,0.422,0.046
131,850,KGC인삼공사,17.2,0.86,0.32799999999999996,0.348,0.118,0.30799999999999994,0.055999999999999994
143,851,흥국생명,16.6,0.826,0.31999999999999995,0.354,0.124,0.328,0.046
16,852,페퍼저축은행,19.4,0.772,0.27399999999999997,0.348,0.092,0.30999999999999994,0.07
136,853,현대건설,17.4,0.8620000000000001,0.35200000000000004,0.442,0.144,0.40599999999999997,0.07200000000000001
142,854,IBK기업은행,15.6,0.8099999999999999,0.382,0.33399999999999996,0.11200000000000002,0.31399999999999995,0.032
142,855,한국도로공사,15.0,0.8459999999999999,0.4640000000000001,0.426,0.16599999999999998,0.40199999999999997,0.038
140,856,GS칼텍스,18.2,0.85,0.41800000000000004,0.43200000000000005,0.14,0.396,0.04
132,857,KGC인삼공사,17.4,0.8480000000000001,0.32199999999999995,0.33999999999999997,0.11800000000000002,0.298,0.057999999999999996
17,858,페퍼저축은행,18.2,0.78,0.254,0.33399999999999996,0.10800000000000001,0.296,0.062
144,859,흥국생명,15.2,0.8380000000000001,0.314,0.35,0.13599999999999998,0.32599999999999996,0.04
143,860,IBK기업은행,18.4,0.842,0.37,0.33199999999999996,0.11000000000000001,0.312,0.033999999999999996
137,861,현대건설,17.2,0.86,0.366,0.438,0.15,0.398,0.072
133,862,KGC인삼공사,19.6,0.834,0.332,0.362,0.142,0.31799999999999995,0.039999999999999994
143,863,한국도로공사,17.2,0.844,0.44800000000000006,0.39799999999999996,0.154,0.376,0.041999999999999996
18,864,페퍼저축은행,18.8,0.766,0.27599999999999997,0.34400000000000003,0.11200000000000002,0.308,0.062
145,865,흥국생명,15.4,0.8240000000000002,0.292,0.368,0.14800000000000002,0.34199999999999997,0.038000000000000006
141,866,GS칼텍스,19.6,0.842,0.42400000000000004,0.42400000000000004,0.146,0.39,0.048
138,867,현대건설,13.0,0.8460000000000001,0.358,0.44799999999999995,0.158,0.41000000000000003,0.06999999999999999
144,868,IBK기업은행,19.2,0.8239999999999998,0.312,0.328,0.10800000000000001,0.30600000000000005,0.032
144,869,한국도로공사,18.8,0.8460000000000001,0.45199999999999996,0.394,0.16399999999999998,0.374,0.046
134,870,KGC인삼공사,20.0,0.8219999999999998,0.318,0.36,0.13799999999999998,0.316,0.04
19,871,페퍼저축은행,18.2,0.764,0.30999999999999994,0.356,0.11200000000000002,0.32199999999999995,0.046
142,872,GS칼텍스,19.6,0.8220000000000001,0.414,0.404,0.14,0.37600000000000006,0.048
146,873,흥국생명,15.2,0.8400000000000001,0.304,0.39199999999999996,0.16,0.366,0.046000000000000006
135,874,KGC인삼공사,19.0,0.8220000000000001,0.316,0.386,0.15,0.33399999999999996,0.05
139,875,현대건설,13.4,0.8400000000000001,0.34199999999999997,0.458,0.158,0.414,0.07399999999999998
20,876,페퍼저축은행,17.2,0.756,0.31,0.36999999999999994,0.132,0.33199999999999996,0.05
145,877,한국도로공사,15.4,0.8480000000000001,0.454,0.406,0.172,0.384,0.044
143,878,GS칼텍스,20.0,0.8440000000000001,0.418,0.42400000000000004,0.12400000000000003,0.388,0.048
145,879,IBK기업은행,17.8,0.8019999999999999,0.274,0.334,0.096,0.31000000000000005,0.05
136,880,KGC인삼공사,22.0,0.812,0.34199999999999997,0.398,0.15799999999999997,0.352,0.054000000000000006
147,881,흥국생명,16.4,0.818,0.32799999999999996,0.418,0.162,0.392,0.036
146,882,한국도로공사,15.0,0.8560000000000001,0.44000000000000006,0.394,0.198,0.374,0.052000000000000005
140,883,현대건설,15.6,0.82,0.36,0.44800000000000006,0.16,0.41,0.052000000000000005
144,884,GS칼텍스,19.6,0.8219999999999998,0.392,0.418,0.10800000000000001,0.386,0.052000000000000005
21,885,페퍼저축은행,17.6,0.76,0.296,0.362,0.10200000000000001,0.326,0.052000000000000005
146,886,IBK기업은행,17.6,0.808,0.256,0.36400000000000005,0.098,0.34400000000000003,0.052000000000000005
141,887,현대건설,18.8,0.8139999999999998,0.366,0.43,0.144,0.40199999999999997,0.046000000000000006
147,888,한국도로공사,15.4,0.8480000000000001,0.40800000000000003,0.374,0.178,0.354,0.062
148,889,흥국생명,16.4,0.8380000000000001,0.30600000000000005,0.414,0.17,0.38599999999999995,0.032
145,890,GS칼텍스,17.2,0.834,0.406,0.43599999999999994,0.11800000000000002,0.39599999999999996,0.05800000000000001
137,891,KGC인삼공사,20.8,0.8140000000000001,0.344,0.41200000000000003,0.148,0.37,0.046
22,892,페퍼저축은행,17.0,0.744,0.306,0.374,0.07200000000000001,0.336,0.052000000000000005
142,893,현대건설,20.0,0.826,0.374,0.418,0.134,0.392,0.044
147,894,IBK기업은행,17.8,0.8059999999999998,0.248,0.35000000000000003,0.10600000000000001,0.324,0.054000000000000006
149,895,흥국생명,20.2,0.836,0.328,0.392,0.142,0.366,0.03
138,896,KGC인삼공사,18.6,0.8160000000000001,0.36400000000000005,0.404,0.138,0.366,0.048
148,897,한국도로공사,15.2,0.8539999999999999,0.43000000000000005,0.37,0.18,0.35,0.07
148,898,IBK기업은행,17.2,0.806,0.24,0.364,0.12000000000000002,0.336,0.05199999999999999
23,899,페퍼저축은행,14.8,0.752,0.288,0.36,0.052000000000000005,0.322,0.04
143,900,현대건설,21.0,0.8480000000000001,0.40199999999999997,0.418,0.126,0.39,0.046000000000000006
150,901,흥국생명,20.2,0.8559999999999999,0.33399999999999996,0.378,0.126,0.352,0.038
146,902,GS칼텍스,16.8,0.8459999999999999,0.418,0.44399999999999995,0.11200000000000002,0.404,0.054000000000000006
149,903,한국도로공사,13.6,0.8459999999999999,0.43,0.39,0.178,0.372,0.068
149,904,IBK기업은행,19.0,0.8299999999999998,0.256,0.35000000000000003,0.10200000000000001,0.32599999999999996,0.052000000000000005
139,905,KGC인삼공사,17.8,0.808,0.37,0.41200000000000003,0.128,0.374,0.044
144,906,현대건설,22.0,0.8719999999999999,0.41,0.392,0.122,0.368,0.06599999999999999
151,907,흥국생명,21.4,0.8400000000000001,0.306,0.33799999999999997,0.142,0.31,0.036000000000000004
147,908,GS칼텍스,18.0,0.866,0.426,0.43,0.10200000000000001,0.382,0.05600000000000001
150,909,한국도로공사,15.6,0.8560000000000001,0.41600000000000004,0.356,0.186,0.344,0.062
150,910,IBK기업은행,19.4,0.8480000000000001,0.28200000000000003,0.38,0.124,0.356,0.039999999999999994
140,911,KGC인삼공사,18.4,0.798,0.374,0.376,0.09,0.346,0.03
24,912,페퍼저축은행,15.0,0.7699999999999999,0.272,0.36000000000000004,0.06799999999999999,0.316,0.036000000000000004
145,913,현대건설,20.2,0.8960000000000001,0.4,0.398,0.13399999999999998,0.37,0.066
148,914,GS칼텍스,16.2,0.868,0.44000000000000006,0.40599999999999997,0.126,0.364,0.062
152,915,흥국생명,22.0,0.858,0.32,0.30999999999999994,0.14200000000000002,0.284,0.042
151,916,IBK기업은행,19.8,0.852,0.30600000000000005,0.374,0.148,0.348,0.036000000000000004
151,917,한국도로공사,16.6,0.852,0.37,0.34,0.146,0.32,0.052000000000000005
141,918,KGC인삼공사,17.4,0.8200000000000001,0.376,0.364,0.088,0.33,0.028000000000000004
25,919,페퍼저축은행,15.0,0.7779999999999999,0.258,0.352,0.08,0.312,0.032
149,920,GS칼텍스,16.2,0.858,0.4779999999999999,0.42400000000000004,0.132,0.382,0.068
146,921,현대건설,18.8,0.884,0.414,0.42400000000000004,0.18000000000000002,0.386,0.06599999999999999
152,922,한국도로공사,17.0,0.852,0.388,0.352,0.13000000000000003,0.332,0.038
153,923,흥국생명,21.4,0.836,0.318,0.308,0.138,0.278,0.04
152,924,IBK기업은행,20.8,0.8619999999999999,0.336,0.38599999999999995,0.14600000000000002,0.362,0.034
26,925,페퍼저축은행,15.4,0.768,0.3,0.35,0.10600000000000001,0.31800000000000006,0.028000000000000004
142,926,KGC인삼공사,17.4,0.828,0.41,0.392,0.10800000000000001,0.358,0.038
154,927,흥국생명,20.0,0.8240000000000001,0.306,0.31,0.13799999999999998,0.278,0.042
150,928,GS칼텍스,17.6,0.836,0.4720000000000001,0.406,0.136,0.374,0.074
153,929,IBK기업은행,18.4,0.844,0.37799999999999995,0.41,0.16,0.382,0.032
27,930,페퍼저축은행,15.4,0.774,0.306,0.358,0.126,0.32599999999999996,0.022
155,931,흥국생명,18.4,0.808,0.31399999999999995,0.32199999999999995,0.15200000000000002,0.288,0.044000000000000004
143,932,KGC인삼공사,16.8,0.8240000000000001,0.42799999999999994,0.396,0.092,0.36,0.036000000000000004
153,933,한국도로공사,16.4,0.85,0.394,0.36000000000000004,0.128,0.336,0.036
154,934,IBK기업은행,17.2,0.834,0.392,0.434,0.18,0.40800000000000003,0.034
147,935,현대건설,19.6,0.866,0.386,0.43,0.18,0.392,0.06599999999999999
154,936,한국도로공사,17.6,0.858,0.40800000000000003,0.33999999999999997,0.10800000000000001,0.31400000000000006,0.032
148,937,현대건설,21.6,0.8620000000000001,0.386,0.434,0.184,0.39199999999999996,0.06200000000000001
151,938,GS칼텍스,17.6,0.82,0.48,0.40199999999999997,0.128,0.37,0.07200000000000001
28,939,페퍼저축은행,17.0,0.8,0.314,0.366,0.144,0.336,0.04
144,940,KGC인삼공사,17.6,0.8320000000000001,0.42800000000000005,0.382,0.10800000000000001,0.348,0.04
149,941,현대건설,19.6,0.836,0.38999999999999996,0.418,0.186,0.376,0.036
155,942,IBK기업은행,18.0,0.8079999999999998,0.362,0.41,0.16199999999999998,0.382,0.038
156,943,흥국생명,17.2,0.82,0.34199999999999997,0.33799999999999997,0.11800000000000002,0.308,0.044
29,944,페퍼저축은행,18.2,0.768,0.316,0.37399999999999994,0.12800000000000003,0.34800000000000003,0.039999999999999994
155,945,한국도로공사,16.2,0.844,0.434,0.362,0.094,0.336,0.026000000000000002
152,946,GS칼텍스,15.8,0.8200000000000001,0.5,0.44000000000000006,0.12999999999999998,0.40800000000000003,0.062
145,947,KGC인삼공사,19.4,0.8380000000000001,0.41999999999999993,0.388,0.136,0.35200000000000004,0.048
